level,outcome,treat,spec,est,se,t,p,ci_lo,ci_hi,n,r2,controls
sector,emp,prebreak,1,-0.5975815046448014,0.8170207401535224,-0.7314153426907042,0.4751022120826457,-2.1989421553457054,1.0037791460561025,18,0.03214684362538396,<e2><80><94>
sector,emp,prebreak,2,-0.5897539084332758,0.8118950674266386,-0.7263917864442069,0.4787813668036742,-2.1810682405894877,1.0015604237229359,18,0.032470629483859516,pretrend
sector,emp,prebreak,3,-1.0565468142971313,0.843385597412332,-1.2527446728267813,0.2308202526919746,-2.709582585225302,0.5964889566310394,18,0.25884329018051694,pretrend + catchup
sector,emp,initial,1,-1.2326893543550113,0.7611947365547052,-1.6194139228213396,0.12935158189023696,-2.7246310380022334,0.25925232929221087,15,0.13709593869562722,<e2><80><94>
sector,emp,initial,2,-1.1294976283113998,0.7243102645722699,-1.5594113235139737,0.14487055632888213,-2.549145746873049,0.2901504902502492,15,0.20043915774931612,pretrend
sector,emp,initial,3,-1.2974709416549877,0.8678753175546662,-1.494996937245265,0.1630399213522138,-2.9985065640621333,0.403564680752158,15,0.21354087350964743,pretrend + catchup
sector,emp,postbreak,1,-0.48895126849574905,0.8857346794169441,-0.5520290442027322,0.589059413552957,-2.2249912401529595,1.2470887031614613,17,0.020276904717878182,<e2><80><94>
sector,emp,postbreak,2,-0.476982222752924,0.8970117007904671,-0.5317458204085815,0.6032381270377307,-2.2351251563022396,1.2811607107963914,17,0.021024208369814477,pretrend
sector,emp,postbreak,3,-1.0779614547134366,0.9192591998368771,-1.1726414648933852,0.2619800154088881,-2.8797094863937156,0.7237865769668423,17,0.25354571157703676,pretrend + catchup
sector,emp,future,1,-0.6554035372951253,0.8199193343957698,-0.7993512407877508,0.4357936247790243,-2.2624454327108343,0.9516383581205835,18,0.03866888100885391,<e2><80><94>
sector,emp,future,2,-0.6482407824543511,0.8210404771790976,-0.7895357177535928,0.4421013936086585,-2.2574801177253825,0.9609985528166801,18,0.03901489629358487,pretrend
sector,emp,future,3,-1.1563241831661113,0.8265783429187401,-1.3989287199117775,0.18359707692997979,-2.7764177352868415,0.4637693689546192,18,0.2760983190291126,pretrend + catchup
sector,hours,prebreak,1,-0.5983735255591178,0.581938281750039,-1.0282422454828952,0.322588421982013,-1.7389725577891944,0.5422255066709587,15,0.04683151345711843,<e2><80><94>
sector,hours,prebreak,2,-0.6120656751192224,0.5740715793425332,-1.0661835512223106,0.3073224697570059,-1.7372459706305874,0.5131146203921426,15,0.04833402142626347,pretrend
sector,hours,prebreak,3,-0.9872201785419146,0.5563549935726607,-1.7744429185445647,0.10363420271535263,-2.0776759659443296,0.10323560886050043,15,0.2833221714638112,pretrend + catchup
sector,hours,initial,1,-0.938265628596086,0.49736013975234683,-1.886491404524861,0.08857229486222885,-1.9130915025106856,0.03656024531851376,12,0.13462907722474426,<e2><80><94>
sector,hours,initial,2,-0.8193167726596545,0.4358105227150939,-1.8799839149255086,0.0928086917712557,-1.6735053971812386,0.03487185186192954,12,0.25002453130021635,pretrend
sector,hours,initial,3,-0.8103758517389834,0.6112860443540865,-1.3256900909544966,0.22154571991223074,-2.0084964986729927,0.38774479519502614,12,0.2500786686047199,pretrend + catchup
sector,hours,postbreak,1,-0.5640512304724056,0.7842346296624053,-0.7192378519617483,0.48576572983048394,-2.10115110461072,0.9730486436659088,14,0.031821192266077616,<e2><80><94>
sector,hours,postbreak,2,-0.5675282898619602,0.8184609041732498,-0.6934091622070041,0.5024318426322885,-2.1717116620415298,1.0366550823176093,14,0.031890270052754736,pretrend
sector,hours,postbreak,3,-1.157799195702082,0.7975244404202861,-1.45174133483851,0.17721366419459184,-2.7209470989258424,0.40534870752167884,14,0.2886262405600925,pretrend + catchup
sector,hours,future,1,-0.6693052880057452,0.5630647097920701,-1.18868271508777,0.2558257258902882,-1.7729121191982027,0.4343015431867122,15,0.05637495421431136,<e2><80><94>
sector,hours,future,2,-0.6808874711174968,0.5721310150070639,-1.1900901249149902,0.2570233525401127,-1.802264260531342,0.4404893182963483,15,0.057763962237043165,pretrend
sector,hours,future,3,-1.0971205593878877,0.548653363358215,-1.9996606831544732,0.07084512831021025,-2.172481151569989,-0.021759967205786213,15,0.3045131127800673,pretrend + catchup
subsector,emp,prebreak,1,-1.4591751547393563,0.735283761599859,-1.9845061606752015,0.053457358514387446,-2.90033132747508,-0.018018982003632722,46,0.07716411113643168,<e2><80><94>
subsector,emp,prebreak,2,-1.8353088624558234,0.6653436229597667,-2.7584375939330292,0.008494855358341864,-3.139382363456966,-0.5312353614546808,46,0.29478285037186985,pretrend
subsector,emp,prebreak,3,-1.9438551590793807,0.7059029023159222,-2.753714643617404,0.00866936021361377,-3.3274248476185884,-0.5602854705401732,46,0.30513607394270265,pretrend + catchup
subsector,emp,initial,1,-1.8449145027821692,1.0243750373019724,-1.801014702233819,0.08143642354568378,-3.8526895758940354,0.1628605703296968,33,0.12084894362531577,<e2><80><94>
subsector,emp,initial,2,-3.108310035650306,0.6879988634743156,-4.517899956918091,9.053563766804569e-5,-4.456787808059965,-1.7598322632406476,33,0.6162802615489525,pretrend
subsector,emp,initial,3,-3.1918081301049153,0.6180053552192144,-5.164693320453089,1.604853135952811e-5,-4.403098626334575,-1.980517633875255,33,0.6440005380971688,pretrend + catchup
subsector,emp,postbreak,1,-1.3651197059776095,0.7243022468666438,-1.884737638027721,0.06623557995675738,-2.7847521098362313,0.05451269788101243,45,0.06722919024361941,<e2><80><94>
subsector,emp,postbreak,2,-1.7602268772672378,0.6409997122091532,-2.7460650039931522,0.008842016178796739,-3.0165863131971777,-0.5038674413372977,45,0.270841724663868,pretrend
subsector,emp,postbreak,3,-1.8858407074114383,0.6813442157439095,-2.76782375755906,0.00843122138693537,-3.2212753702695007,-0.5504060445533758,45,0.2828484120334856,pretrend + catchup
subsector,emp,future,1,-1.6755007693731196,0.8070767823789583,-2.076011608752236,0.04376765025786383,-3.257371262835878,-0.09363027591036133,46,0.10173953968250764,<e2><80><94>
subsector,emp,future,2,-2.0260300810318954,0.6275093011422792,-3.2286853395540676,0.002383452761203952,-3.2559483112707626,-0.7961118507930283,46,0.3213253106924556,pretrend
subsector,emp,future,3,-2.1500380079424657,0.6367773940226691,-3.3764358284771725,0.0015917821202350048,-3.398121700226897,-0.9019543156580343,46,0.33389023023429765,pretrend + catchup
subsector,hours,prebreak,1,-1.4406995380355743,1.2493712322788677,-1.153139676033457,0.2552229635697153,-3.8894671533021548,1.0080680772310062,45,0.06559805618855502,<e2><80><94>
subsector,hours,prebreak,2,-2.0905944989855523,1.2252095089175898,-1.7063159270062196,0.09533447104443624,-4.492005136464028,0.3108161384929238,45,0.2337285339356644,pretrend
subsector,hours,prebreak,3,-2.2306490166662902,1.2830804959036615,-1.7385105796462639,0.08962633200114577,-4.745486788637466,0.2841887553048861,45,0.25849094285277624,pretrend + catchup
subsector,hours,initial,1,-1.6843827160006681,1.4983498633083203,-1.1241584874453765,0.2695756333894866,-4.621148448084976,1.2523830160836396,33,0.09653195824095608,<e2><80><94>
subsector,hours,initial,2,-2.623199684994113,1.452353293549535,-1.8061718843787953,0.08093395559788709,-5.469812140351202,0.22341277036297535,33,0.35869160243100234,pretrend
subsector,hours,initial,3,-2.7375429239941225,1.4409788801132637,-1.8997800465881542,0.06744772662843154,-5.561861529016119,0.08677568102787436,33,0.4085071152436326,pretrend + catchup
subsector,hours,postbreak,1,-1.2927019549431333,0.9796401149564112,-1.3195682120475964,0.19396219617672322,-3.2127965802576997,0.6273926703714328,45,0.06114175697794852,<e2><80><94>
subsector,hours,postbreak,2,-1.6150961261375303,0.9392869469057766,-1.7194917181144929,0.09288752135210433,-3.4560985420728523,0.22590628979779193,45,0.19863258974688364,pretrend
subsector,hours,postbreak,3,-1.8080234701247533,1.0577428102773512,-1.7093223915657443,0.09495123855614106,-3.8811993782683616,0.265152438018855,45,0.22735762379739136,pretrend + catchup
subsector,hours,future,1,-1.6481556370698125,1.2811639150735472,-1.2864518097008668,0.2051688598043991,-4.159236910613965,0.8629256364743401,45,0.09436345340642482,<e2><80><94>
subsector,hours,future,2,-2.1245459234031583,1.192238877177787,-1.7819800746913115,0.08198340183901143,-4.461334122671621,0.2122422758653042,45,0.2552321858891127,pretrend
subsector,hours,future,3,-2.2854951186586394,1.2264058155595348,-1.8635716576538788,0.06955471620279731,-4.689250517155328,0.11826027983804854,45,0.284087842120587,pretrend + catchup
jolts,openings,prebreak,1,-0.1118667950408697,0.1271739565231043,-0.8796360363337941,0.3950262521692277,-0.3611277498261541,0.1373941597444147,15,0.024618443050199244,<e2><80><94>
jolts,openings,prebreak,2,-0.11212681431352028,0.12858354984765338,-0.8720152340355267,0.4003112966423745,-0.3641505720149209,0.13989694338788033,15,0.03054280650332346,openings_pre_level
jolts,openings,prebreak,3,-0.03593289229563886,0.10601450722728989,-0.33894316198254365,0.7410345929502327,-0.24372132646112704,0.1718555418698493,15,0.3265921667470399,openings_pre_level + catchup
jolts,openings,initial,1,-0.088353757551005635,0.12836671826422294,-0.6882917842391448,0.5043578468874206,-0.33995252534888254,0.1632450102468713,14,0.015011708888490549,<e2><80><94>
jolts,openings,initial,2,-0.08566143253251624,0.13061782799716531,-0.6558173095205294,0.5254212170343597,-0.34167237540696027,0.1703495103419278,14,0.027931779624870357,openings_pre_level
jolts,openings,initial,3,-0.07191622848969388,0.11416877588844725,-0.629911531677998,0.5428765119405117,-0.2956870292310505,0.1518545722516627,14,0.4693719650443692,openings_pre_level + catchup
jolts,openings,postbreak,1,-0.135628808598866,0.13663966059457808,-0.9926020601096824,0.33902081874008594,-0.403442543364239,0.132184926166507,15,0.03618779198684487,<e2><80><94>
jolts,openings,postbreak,2,-0.13259553768284604,0.1439309866400194,-0.9212438598401048,0.3750729287942557,-0.41470027149728406,0.14950919613159197,15,0.04024393318442717,openings_pre_level
jolts,openings,postbreak,3,-0.016891252304476027,0.11905370394506673,-0.1418792674629419,0.8897405476283937,-0.2502365120368068,0.21645400742785476,15,0.3246581413249214,openings_pre_level + catchup
jolts,openings,future,1,-0.11873243305564833,0.13077919290786622,-0.9078847362156087,0.3804613908914387,-0.3750596511550661,0.13759478504376943,15,0.027733004778740782,<e2><80><94>
jolts,openings,future,2,-0.11858380935002384,0.13284750393503483,-0.8926310682360563,0.38960441318353733,-0.3789649170626921,0.14179729836264443,15,0.03347375028634337,openings_pre_level
jolts,openings,future,3,-0.03295985190918932,0.10843743011440658,-0.30395272070183815,0.7668363156668652,-0.24549721493342622,0.17957751111504758,15,0.3261832634697021,openings_pre_level + catchup
jolts,hires,prebreak,1,0.16035913612179412,0.0936364420107112,1.712571864952434,0.11052443889508487,-0.023168290219199833,0.34388656246278804,15,0.17369446873344815,<e2><80><94>
jolts,hires,prebreak,2,0.13646420552494573,0.10411162776133408,1.3107489380319444,0.21447361157840325,-0.06759458488726905,0.3405229959371605,15,0.22137502418906488,hires_pre_level
jolts,hires,prebreak,3,0.15714374103134127,0.11677183273390912,1.3457332761868062,0.2054700589996594,-0.07172905112712061,0.3860165331898031,15,0.30356374768920086,hires_pre_level + catchup
jolts,hires,initial,1,0.18802403770722137,0.09291100250166968,2.023700451449143,0.06585471111896862,0.005918472803948804,0.37012960261049394,14,0.23612659910855652,<e2><80><94>
jolts,hires,initial,2,0.16365677699388922,0.10427813943862765,1.5694255562567698,0.1448480242845304,-0.04072837630582096,0.36804193029359944,14,0.2898999942978989,hires_pre_level
jolts,hires,initial,3,0.16371549451957707,0.11090341853895534,1.4761988104277528,0.17067195937683285,-0.05365520581677541,0.38108619485592954,14,0.2899645276090053,hires_pre_level + catchup
jolts,hires,postbreak,1,0.10214208307033217,0.11827017291444968,0.8636334973841316,0.4034424329554852,-0.1296674558419892,0.33395162198265355,15,0.07047060399256336,<e2><80><94>
jolts,hires,postbreak,2,0.06086535783653243,0.13975839245428223,0.43550413515555214,0.6709269947533661,-0.21306109137386073,0.33479180704692557,15,0.12570949871446263,hires_pre_level
jolts,hires,postbreak,3,0.09362853229763721,0.17325358608744018,0.5404132428773126,0.5996831240367932,-0.24594849643374553,0.43320556102901997,15,0.19942132949017874,hires_pre_level + catchup
jolts,hires,future,1,0.15337349899474914,0.09979727111954785,1.5368506300239608,0.14830570795018916,-0.04222915239956465,0.34897615038906293,15,0.15889097268309393,<e2><80><94>
jolts,hires,future,2,0.12651481120084818,0.11380490983819583,1.1116814852779453,0.28805171530492807,-0.09654281208201565,0.349572434483712,15,0.202175440976114,hires_pre_level
jolts,hires,future,3,0.1506394413504612,0.13003191074575132,1.1584805643977911,0.2712007760711763,-0.1042231037112114,0.4055019864121338,15,0.28632242791045437,hires_pre_level + catchup
jolts,quits,prebreak,1,-0.02999331113851172,0.04661303764673085,-0.6434532622787621,0.5311175481223975,-0.1213548649261042,0.06136824264908075,15,0.02197830361514309,<e2><80><94>
jolts,quits,prebreak,2,-0.06395946704332404,0.04841623861574586,-1.3210333737599196,0.21112718225899949,-0.15885529473018592,0.03093636064353783,15,0.2417351894599533,quits_pre_level
jolts,quits,prebreak,3,-0.053905707789298256,0.04590659494127099,-1.174247575065427,0.26509142905274535,-0.1438826338741894,0.03607121829559288,15,0.35982285827776556,quits_pre_level + catchup
jolts,quits,initial,1,-0.010951141003610481,0.04078541559843437,-0.26850629919855135,0.7928699207895107,-0.09089055557654185,0.06898827356932088,14,0.0030953906234738667,<e2><80><94>
jolts,quits,initial,2,-0.04210516923732021,0.042870188979992466,-0.9821549715344318,0.34713233622116446,-0.12613073963810545,0.04192040116346502,14,0.2243676217904339,quits_pre_level
jolts,quits,initial,3,-0.04489028795544975,0.048032584533427125,-0.9345798980317086,0.37202285526862755,-0.1390341536409669,0.049253577730067416,14,0.25390001275516005,quits_pre_level + catchup
jolts,quits,postbreak,1,-0.03831317312404484,0.049234289180214524,-0.7781806899619365,0.4503943536716858,-0.1348123799172653,0.05818603366917562,15,0.03586258471864569,<e2><80><94>
jolts,quits,postbreak,2,-0.09579463978969462,0.047411532034667817,-2.0204923924341562,0.0662274518047223,-0.18872124257764356,-0.0028680370017456908,15,0.32893224488704975,quits_pre_level
jolts,quits,postbreak,3,-0.08068286661627473,0.045124915064226494,-1.7879893292084528,0.10132454139646152,-0.16912770014215867,0.007761966909609189,15,0.41682847581438953,quits_pre_level + catchup
jolts,quits,future,1,-0.031211526067933558,0.04686472739273178,-0.6659918408652502,0.5170605492106017,-0.12306639175768785,0.06064333962182073,15,0.02379991196270383,<e2><80><94>
jolts,quits,future,2,-0.07098229709572824,0.0500730035343192,-1.4175761804877187,0.18175411584742202,-0.16912538402299387,0.027160789831537385,15,0.2588707725347031,quits_pre_level
jolts,quits,future,3,-0.059597433574974136,0.04735979269536293,-1.258397264496671,0.23430194455296355,-0.15242262725788547,0.0332277601079372,15,0.3708027630705194,quits_pre_level + catchup
jolts,layoffs,prebreak,1,0.23713466990884496,0.09906959080058222,2.3936171330935925,0.03247055332383124,0.04295827193970381,0.4313110678779861,15,0.42081125143153403,<e2><80><94>
jolts,layoffs,prebreak,2,0.23294809584914403,0.10365512435015584,2.2473379614328137,0.04420878629747566,0.029784052122838578,0.4361121395754495,15,0.42841197732313957,layoffs_pre_level
jolts,layoffs,prebreak,3,0.22733982605057196,0.11685757258858802,1.9454436799825614,0.07771822079197446,-0.001701016223060542,0.45638066832420443,15,0.4339695849965726,layoffs_pre_level + catchup
jolts,layoffs,initial,1,0.23782365334295308,0.10220890512177021,2.3268388704449325,0.03828937712380105,0.037494199304283465,0.4381531073816227,14,0.4167960570740478,<e2><80><94>
jolts,layoffs,initial,2,0.23389400298711865,0.1074122223677848,2.177536204271558,0.05208844132670452,0.02336604714626045,0.44442195882797686,14,0.4235280581941156,layoffs_pre_level
jolts,layoffs,initial,3,0.2342444965494834,0.11444136421330782,2.0468516620692667,0.06786496596774438,0.00993942269140008,0.4585495704075667,14,0.42386774366765956,layoffs_pre_level + catchup
jolts,layoffs,postbreak,1,0.17456112303044763,0.1281761559969971,1.3618845226918588,0.19636850755501792,-0.07666414272366673,0.425786388784562,15,0.22803015886601416,<e2><80><94>
jolts,layoffs,postbreak,2,0.1694977507530784,0.1375847622281518,1.2319514749170148,0.24156217298960941,-0.10016838321409913,0.4391638847202559,15,0.2309485527944107,layoffs_pre_level
jolts,layoffs,postbreak,3,0.16153496075166282,0.1630953867093646,0.9904324335029632,0.3432493335654978,-0.15813199719869178,0.48120191870201745,15,0.23534898975664206,layoffs_pre_level + catchup
jolts,layoffs,future,1,0.22708759703749348,0.10682660894320357,2.12575873449497,0.05325929766141999,0.01770744350881448,0.4364677505661725,15,0.3859082515695958,<e2><80><94>
jolts,layoffs,future,2,0.2229226755888984,0.11278764847467243,1.9764812779030307,0.07154252344936982,0.0018588845785404429,0.44398646659925634,15,0.390212565437406,layoffs_pre_level
jolts,layoffs,future,3,0.2173192912756241,0.1287742224186173,1.6875993284522879,0.11960425080362197,-0.035078184664865786,0.469716767216114,15,0.3944284198866839,layoffs_pre_level + catchup
