occ2010,cyclicality_beta,cyclicality_p
0010,-0.0214372625472087,0.40141657379712
0020,0.00291536983012081,0.817474708849711
0040,-0.0150697688407709,0.428094103229729
0050,0.0109469049045711,0.171597822874159
0060,-0.0191042540160701,0.16744175477472
0100,-0.000861566112787697,0.962936674387181
0110,-0.017980704631844,0.125389751065928
0120,0.00291759255680007,0.703865162395341
0136,0.0261810596312958,0.206484778667429
0140,0.0260548893965059,0.00538109539182461
0150,-0.00902650306197115,0.269857955533241
0160,0.0142856101920488,0.108815169461532
0205,-0.00298601174483819,0.94478380199877
0220,0.0419068196928001,0.000759448120417563
0230,0.0160872759181165,0.0157977881459879
0300,0.0124099550512141,0.376558634357007
0310,0.00732159569696734,0.187974698849497
0330,-0.0932601226669253,0.0343755424391787
0340,0.0108132994149739,0.408879059882744
0350,0.00358383520120988,0.505966734916693
0360,-0.0610313437904952,0.192179200692431
0410,0.0186611999683627,0.0129311147199117
0420,0.013905760912705,0.0335761484235374
0430,0.0368163759996046,0.00149139278826612
0500,0.0155377394165862,0.593378995697744
0510,-0.0459722928205182,0.204618896570348
0520,0.0188376589104205,0.0836809818710785
0530,0.0351802918873912,0.000273818688457268
0540,0.0119227109436809,0.229715370525492
0565,-0.0098295464353634,0.415949385591085
0600,-0.00169539423993578,0.884665255899597
0630,0.00617488966981216,0.536967556971224
0700,-0.00101165714130305,0.93826534012027
0710,0.00866131719172226,0.551345777962712
0725,-0.0495907604891384,0.0583794571120911
0735,0.0412170066238025,0.00660243759401454
0740,-0.0170380025881174,0.276396402425627
0800,0.0128303273116555,0.00980053405443733
0810,0.0291448134391195,0.189942674945794
0820,0.000761727464181042,0.966044118102622
0830,0.0330771237776722,0.220653757200354
0840,0.0691466437344561,0.0900443580383269
0850,0.0168451644726231,0.174817537798397
0860,0.00839998711079504,0.583002428486604
0900,0.0298904369214472,0.481007606693226
0910,0.034187774815142,0.00746717699926553
0930,-0.0277114417730008,0.131259131433556
0940,-0.013765489071425,0.317648216160981
0950,-0.121091280586788,0.0185566608236525
1006,0.0337637550564419,0.0214013588855254
1010,0.0230320792574833,0.0319246398540053
1020,0.0197389843470835,0.0155798515147846
1030,-0.0101910154798057,0.407283831308035
1050,-0.0179103996872646,0.0186693442589035
1060,-0.0100094377988144,0.549093959285182
1105,-0.00827440462138619,0.445910718121982
1200,0.0317720371775691,0.333196536914723
1220,-0.0203518574278137,0.0691703048463673
1240,0.0352194069645854,0.059829738722088
1300,0.0544213561900776,0.00357583033530633
1310,-0.037333910393376,0.20796902302465
1320,-0.0190516268919452,0.186890678143079
1340,0.0178301479149403,0.777246442872557
1350,0.020834173242146,0.219479410676073
1360,0.0309689791016674,0.00123922038104093
1400,0.0190346581412368,0.251170401067319
1410,0.0197181310000794,0.0666775720093951
1420,0.0174500045333563,0.447258531490541
1430,0.018696531403587,0.0626303622471313
1440,-0.0128404868175593,0.735396273236029
1450,0.0453564490981363,0.0837470013014238
1460,0.0179731579617888,0.0137522357137704
1520,-0.0443716895496722,0.082126840019121
1530,0.0143582194607872,0.263406033220131
1540,0.0244586248893467,0.0703424861212714
1550,0.0335338020281852,0.000389837936409639
1560,0.051010981350316,0.0185955698722851
1600,0.0314247077990147,0.166710969379714
1610,-0.0023364884598331,0.8429435884183
1640,-0.0336237568576075,0.165338231637531
1650,0.0163676454701547,0.324414797435271
1700,0.110470989967942,0.000102061859772576
1710,0.0196513438461842,0.605780907630118
1720,0.00667482891895643,0.615286698138713
1740,0.0241535665483924,0.0389586650292429
1760,0.0290312525975142,0.109914858329847
1800,-0.0287103086617672,0.292866946812139
1820,0.014018730036817,0.360918457868936
1840,0.0616066799247718,0.00692964383669519
1860,-0.0415458992374899,0.0752255019639167
1900,-0.02576784033475,0.280994018089106
1910,0.0363204240111076,0.152765263885478
1920,0.0260505023680608,0.111878998771918
1930,-0.0371566374038198,0.343006442143987
1965,0.00446085962961946,0.785476417002249
2000,-0.00174780316260726,0.820947355279057
2010,0.0027651470061256,0.572633016264818
2016,0.0131293671305502,0.35282549008068
2040,-0.00468440660198461,0.431636345349582
2050,-0.0025673896980653,0.905336639648346
2060,0.0207074905194962,0.448740115635522
2100,0.00806664653045298,0.0884736540759474
2145,0.0186105052460873,0.0625319686133743
2160,-0.00946720502904984,0.62413030937166
2200,-4.19624740667655e-06,0.999164358128648
2300,0.00428961093404691,0.563653841662554
2310,0.00964891669580468,0.072610819226664
2320,-0.00577850168193039,0.28319720621164
2330,0.0101963185690512,0.31762316063781
2340,0.00963360651339948,0.077632087329978
2400,0.0314959743555834,0.110631948290768
2430,0.0134787366725565,0.1967192650326
2440,-0.0213878144536957,0.306817302048854
2540,-0.00153682955840074,0.817234486430855
2550,-0.0215376775623686,0.348721618827727
2600,0.0348779225818012,0.00847398260656458
2630,0.0313450470748616,0.00221303238264507
2700,0.0167691191103009,0.591316311116695
2710,0.00880424660707545,0.585338833535216
2720,0.0244328273499758,0.0223060083325545
2740,0.109875982293505,3.34642388865562e-06
2750,0.00711055747210317,0.58624752869443
2760,0.0169568750998652,0.623488881997894
2800,0.0284106486760384,0.11212581408491
2810,0.0173659611455804,0.279928529568494
2825,0.00838881252962801,0.564658805343079
2830,0.00262752982695768,0.733197931023977
2840,0.00749736595483642,0.605246667563097
2850,0.0225873943843608,0.122348203418638
2860,-0.00437683111337728,0.801624393357293
2900,-0.0053804893612305,0.74704692682214
2910,-0.0121066138957092,0.425881888772117
2920,-0.0548928977757475,0.0670208030244694
3000,0.00765662629168637,0.824213145747177
3010,-0.00476729944179622,0.849095567164255
3030,-0.000339351338006601,0.98225363921789
3040,0.0535571534230684,0.0772653239657496
3050,0.0104035414689583,0.136720614455719
3060,0.00953987055327552,0.0859695565512149
3110,0.00680661984690082,0.779554360740959
3120,0.0454302222678452,0.624547121115634
3140,0.00765285851538534,0.824563967233325
3150,-0.0267604833690095,0.0422782198331506
3160,0.0224816832203687,0.0890942807991866
3200,-0.00712922816729341,0.796686665227868
3210,0.0141117126298143,0.612278759830407
3220,-0.0359887556386361,0.0133557583164137
3230,-0.000573444477746722,0.949349078877464
3245,0.00902363082494921,0.533086587512918
3250,0.008870763715311,0.727536249535914
3255,-0.00392468659525152,0.0955023060759724
3260,-0.00957144518656706,0.886371364846282
3300,-0.00514237180995365,0.538890843762924
3310,0.0128657963991191,0.162601767676142
3320,-0.016401780882416,0.086125480720168
3400,0.00493021535627033,0.655816817843934
3420,0.002042267400636,0.653760882631165
3500,-0.00846972253833344,0.27470531964557
3510,0.0158455863219341,0.485621640805299
3520,0.00984038297408686,0.450307212970316
3535,-0.0189173372501214,0.128604561146276
3540,0.0426447468303243,0.0189170932376016
3600,-0.00311978785329034,0.619932198592385
3610,0.00213648412617733,0.961014316604794
3620,-0.0130446436957617,0.309480394388411
3630,-0.0327118243335625,0.0186840803880915
3640,-0.00160139832291949,0.800573219408328
3645,0.00722185210203653,0.229190022588039
3700,0.00799348238950176,0.735826218763693
3710,0.00368231498021716,0.823901996517499
3720,-0.0244374117269495,0.196094885371027
3730,-0.0279380894987217,0.100711244408229
3740,-0.00721958766167319,0.376404675331276
3750,0.0330610872556611,0.179974574709731
3800,0.000276697707346571,0.978518668495549
3820,-0.0050908719323851,0.714302817214605
3840,-0.0513068698603396,0.272943052891494
3850,0.00176214213895666,0.66509131565162
3900,0.00110497881572751,0.983896371617636
3910,0.0211173592369792,0.152027644479907
3930,-0.0104050218710509,0.0140556781062592
3940,-0.0327226313091781,0.0314443901470921
3955,-0.0247417924540873,0.0323774652305525
4000,0.00277302693247417,0.700534078951945
4010,0.00726485156704887,0.491996451933436
4020,-0.00244283429208978,0.459869052931451
4030,0.00441178036437838,0.467279696129516
4040,0.00771324888841604,0.224708094275214
4050,-0.00598155273857158,0.694024525417724
4060,0.0134338373474614,0.344018020151236
4110,-0.00200744907814602,0.537865054482053
4120,-0.0063879286840608,0.664370304317138
4130,0.0114829707041764,0.42969384260565
4140,0.0057852166520308,0.515428481028041
4150,0.00922296475414526,0.244495023046645
4200,0.0131571198531934,0.241857710729148
4210,0.00573988917844132,0.68267096618843
4220,0.00153216102300896,0.694962115204311
4230,0.00964427761519001,0.0193273238977897
4240,0.0379462416887226,0.0368929916362798
4250,0.014620594633841,0.075638828978878
4300,0.0201701068080997,0.163453767766222
4320,-0.0205479012175782,0.132913654843754
4340,0.0316562382891522,0.370801758377355
4350,-0.00177787531305967,0.837242819852744
4400,-0.017479311390538,0.140489717560946
4410,-0.0830018336276502,0.196762782139954
4420,0.0215094525989192,0.293640154983394
4430,0.00782087639719208,0.487014924935074
4460,0.0333373655445789,0.402140845883513
4465,-0.00899723606288724,0.724374794344924
4500,0.0202374585261534,0.453665518429776
4510,-0.00589645682227547,0.390085906933004
4520,0.00565305409572199,0.616052185204094
4530,-0.000705656113908183,0.961309894581402
4540,0.0301984745853483,0.134165477036742
4600,0.0165515788898121,0.00101302833553598
4610,-0.0212325613461335,0.0690179572714749
4620,-0.00106258377392878,0.896118863622837
4640,-0.0226678445629099,0.314628750240022
4650,0.0175503169065493,0.282788602441842
4700,0.01016992856877,0.078435464844441
4710,0.0263824684410197,0.0062029695108172
4720,0.00559783048721359,0.180470162901403
4740,0.00554788386169011,0.606080416303991
4750,0.0519174951755975,0.000400846839883808
4760,0.00538100599596497,0.251661083200085
4800,0.010415125348906,0.406434153813332
4810,0.000744011035985253,0.89768686629435
4820,0.0193943931570695,0.29785469021169
4830,0.0360501655127913,0.0679027655213601
4840,0.0234997597159714,0.0224772564457324
4850,0.0126512672306504,0.0157857782363877
4900,-0.00104878876056876,0.943642596383348
4920,0.0437264728111629,3.35796135024156e-05
4930,0.0406042664647396,0.0579227268270086
4940,0.0034223451351219,0.799794490784142
4950,0.00804484120031004,0.523547864510674
4965,-0.0115133331313697,0.599174709814406
5000,-0.000737328351417866,0.887603472812977
5010,0.00191662905738327,0.946106120215091
5020,0.0389468342035793,0.0726673096654561
5030,0.0401840122375202,0.511915810059486
5100,-0.0181122562005738,0.29114300012291
5110,-0.0157258341070946,0.125124681874802
5120,0.00798471789544689,0.232630296734496
5130,0.0886043627346788,0.0626010976704863
5140,-0.00234278578316516,0.829428462809711
5150,0.0226329617767585,0.491824726540973
5160,-0.0140127261080046,0.115972717558439
5200,0.0753320806731072,0.340237603036044
5220,0.0254576548895789,0.0575311315461244
5230,0.0391464349950421,0.0838618693261658
5240,0.0226499132487049,0.00549952230482361
5250,-0.0138557017398253,0.385333146900042
5260,0.00542487723276452,0.734069312583068
5300,-0.00372592131794052,0.790381852159731
5310,-0.00908864307656851,0.538337967374394
5320,0.0078162554598941,0.456938943443509
5330,0.0282280977963469,0.0798543415271104
5340,-0.0753673183466982,0.00112277355288623
5350,0.00751839953723259,0.697117805455497
5360,0.00835360075728352,0.842635793853749
5400,0.0180510496368593,0.0238830426902884
5410,0.0543180524083536,0.00156925744216072
5420,-0.0104464797067105,0.471996500471583
5500,-0.00332039388407336,0.942588893219308
5510,0.0440045055405567,0.0127109142216105
5520,0.0107729376893755,0.220009557578863
5530,-0.0154106476524211,0.503601631974633
5540,0.016828478034629,0.177899490894749
5550,0.0019841246889724,0.763261911449396
5560,0.0370019027518162,0.0712795457556985
5600,0.0162025353308722,0.143339470059364
5610,0.0125559212493243,0.0811515972674772
5620,0.0111072238383233,0.00452612536338704
5630,-0.00104452249651891,0.952962825670084
5700,0.00752893265046422,0.155193301506729
5800,0.0202131418520511,0.0939731289171914
5810,0.0320905571736271,0.0182307939268166
5820,0.00990547878838455,0.677193402010043
5840,0.00851036837583785,0.352373032284813
5850,0.0244999846294101,0.0416939709459296
5860,0.0156930728289409,0.0440294353923092
5900,0.00848387806551325,0.580934097026063
5910,0.0627658292413419,0.0728908774077667
5920,0.0852747315271911,0.214142580191187
5940,0.0177734839716936,0.222987216665751
6005,0.0565467750334388,0.218298642629681
6010,0.0215563426888492,0.719277673300611
6040,-0.00799243814123192,0.672899266268442
6050,0.0519356980664801,0.0149751114273887
6100,-0.118620765153325,0.225599769214831
6120,-0.165292898017888,0.10162965760468
6130,0.0221603951292138,0.273424590520043
6200,0.0276182552447407,0.0140308408219967
6210,-0.00248838171382972,0.900991190215087
6220,0.0494995844374209,0.0176358210366568
6230,0.0651923190990533,0.000496395937921667
6240,0.046085552151977,0.014585418983366
6250,0.0477557296618229,0.0304580947238864
6260,0.0473903258686528,0.000643517784447915
6300,0.042696986166595,0.094645961775373
6320,0.0152319273650136,0.0432179539698015
6330,0.0819403516976257,8.84500394837172e-06
6355,0.0422476748410158,3.52714234242589e-05
6360,0.0329410817141264,0.0822900393961158
6400,0.0581912760949691,0.000286632317918634
6420,0.0445867891189549,0.00298389177921404
6440,0.0431758589750324,1.96004745149504e-05
6460,0.0692936980962698,0.0377843957953575
6515,0.0337948311119963,0.010987285346304
6520,0.0370532605859835,0.00828665504030656
6530,0.0390345452500392,0.0305899623192932
6600,0.0731709864907199,0.00156976894374292
6660,0.0281798297943132,0.11771714523506
6700,-0.0181463266868286,0.528537770452681
6710,-0.012521616641906,0.621800786805373
6720,-0.0217652189628294,0.568017827319843
6730,-0.00122327099311301,0.928932822543461
6740,-0.0587992415950204,0.241121427728523
6765,-0.0126949690405147,0.668004512145924
6800,-0.00225303512690725,0.949768089838414
6820,0.116913789893234,0.000887896977836864
6830,-0.0629375281680243,0.193321884419649
6840,-0.003623223978379,0.851657932519745
6940,-0.0283735935038601,0.489746166366901
7000,-0.000331687038408789,0.968849779006517
7010,0.0132514183571451,0.615047237634525
7020,0.0313477217245741,0.0866779727356657
7030,0.0443060666605581,0.23774566515483
7040,-0.0117837216922737,0.68389645584411
7100,-0.0126840158095982,0.720337238940929
7110,-0.0311588588927133,0.492625958803994
7120,-0.012606408290246,0.667012763720964
7130,-0.00340896350397132,0.856447276037954
7140,0.0172390028786129,0.135538224053217
7150,-0.0205150667298461,0.087511028351648
7160,-0.0593944576562002,0.0394218483725183
7200,0.0164270632852421,0.00463040106812942
7210,0.0238273868654516,0.000503750290170899
7220,0.00580210268756443,0.5237586270583
7240,0.0240792839338938,0.232834953591699
7260,-0.0255191127386097,0.0568162368389686
7300,-0.0128863627479783,0.516022865875933
7315,0.0272710969906223,6.21941146307871e-05
7320,0.00496289890684286,0.787756890819939
7330,0.0107563660371662,0.153003938068939
7340,0.0237290824076264,0.104256876982209
7350,0.0201438801399262,0.500063880808324
7360,0.0284721771200678,0.0926108360333973
7410,-0.00152718532910697,0.877503487279411
7420,0.0301757184521327,0.140795462690729
7430,-0.0130740939621943,0.571076961996448
7510,0.0240320304944854,0.31707236677184
7540,0.0106745132666263,0.687041035344936
7560,0.0126756325787955,0.499270896474883
7610,0.0186702466984306,0.424752784111419
7630,-0.00845044346863422,0.41547117363522
7700,0.0356751384174884,1.19977296474597e-05
7710,-0.167344517149751,0.0969648674731685
7720,0.0349644412722498,0.0115267534813658
7730,-0.075863035411803,0.0409310766613944
7740,0.0716856072082609,0.00488895799456062
7750,0.0448057905930779,8.05639835184845e-08
7800,0.0033551585292595,0.606182965031063
7810,-0.0097871503013076,0.281169609777086
7830,0.0468752367867536,0.337761324548276
7840,-0.0154457277109351,0.383110938259413
7850,-0.100918293354796,0.119234471488634
7900,0.0127588989810168,0.63896704926426
7920,0.137947125896394,0.00300666736006991
7930,-0.0326774857673267,0.515202093449989
7940,0.0735729228815108,0.0349353353154992
7950,0.0289818668115532,0.0116481706599956
8030,0.0105988261883352,0.100057546414545
8040,0.0204372412219587,0.399556463326721
8100,0.0578167349548854,0.0037029032818504
8130,0.0524864620225259,0.000937678980762422
8140,0.0351110251782253,5.51085258039283e-06
8220,0.0624406984002318,2.25935654419107e-08
8250,-0.000802760505790378,0.965988725616626
8255,0.0104572266479984,0.301867769987891
8256,0.0431020130835908,0.179745628678546
8300,0.00523622776183468,0.707538273389362
8310,-0.0235563203628441,0.0667970672759461
8320,0.0565841806516543,0.0010505248604207
8330,-0.00133062765033034,0.978368157379909
8350,0.0308852050720718,0.105928942131295
8400,-0.0336216161261959,0.541618214091559
8410,0.0566786207257853,0.34451404965042
8420,0.0143820488914409,0.640310362664475
8450,0.0210903408974651,0.379158550420361
8460,0.0540852464996432,0.0430182419127561
8500,0.105738078362815,1.03276017598389e-06
8510,0.119416978848471,0.00953472103774212
8530,0.0766684985217618,5.54592874757181e-05
8540,0.0824289841559246,0.0164850065912659
8550,0.02433414123219,0.428656316290554
8600,-0.00452939045046878,0.809872639124816
8610,-0.012954282506742,0.352438463884344
8620,0.0279169164695578,0.119917867698189
8630,0.0195909634137829,0.119852679960041
8640,0.0128513485112933,0.485205342317054
8650,0.0116620946207775,0.337994171282657
8710,0.0145064867991879,0.222320156193035
8720,-0.000800704410876309,0.970524312114085
8730,0.0385781274955839,0.299890068314634
8740,0.0245941904185478,0.000369127096630424
8750,0.0179478585091379,0.55618375189388
8760,-0.00141268547271643,0.932250279991068
8800,0.0291471939331434,0.00865284396741374
8810,0.0552282499522042,1.83520712876581e-05
8830,-0.0150744885800138,0.666976356657408
8850,0.0629866471560799,0.0464219145226785
8910,-0.0347216265414205,0.455404490029498
8920,0.0148778324777898,0.482139231608433
8930,0.0197222658334819,0.38061511555771
8940,-0.0670746710060087,0.0770963114708332
8950,0.0317351454145844,0.238231999721558
8965,0.0353014543081432,6.04890316326189e-05
9000,-0.00946825114226704,0.276676210636359
9030,0.0061486548202191,0.598311476197956
9040,-0.0227942008699865,0.431759068853799
9050,0.0220958414837973,0.0809898695104906
9110,-0.0251334868748553,0.570404152624709
9120,-0.0167686666827528,0.0282367053505319
9130,0.0194328852920911,7.76172419620611e-05
9140,0.0195153800987669,0.203991279441904
9150,0.00843612570526184,0.843584131222774
9200,-0.043855032171718,0.0257844292512219
9240,0.0135581997943281,0.321300667394293
9260,0.06779446502618,0.0308683539438136
9300,-0.0498153939106179,0.125053121790478
9310,-0.0258575013477963,0.292231898463494
9350,0.00754114519152677,0.632665182499949
9360,0.0257302743779309,0.0268553566430383
9410,-0.0206507409708146,0.43737832665792
9420,0.0651348321839835,0.259955780629874
9510,0.00859480184449783,0.565299672616382
9520,0.0145765153028131,0.536733107460624
9560,-0.0132244282936724,0.610216379207752
9600,0.0225930177346666,0.000439923797068796
9610,0.00883890990604736,0.326773541624258
9620,0.0266888038913997,5.87729241002649e-06
9630,0.0502038276541386,0.0805143933729973
9640,0.022563668856734,0.0799820692116328
9650,-0.040188689234185,0.225824694772011
9720,0.00353878932587605,0.803566087401712
9750,-0.00392641383754089,0.831290243424064
