naics,metric,exposure,exposure_z,n_occ,emp,score_coverage,level,weight_source
11,AIOE,-0.557312953373555,-0.538838662952434,212,54301629.6502001,0.983531199253645,2,cps_occ_ind_2021_2022
21,AIOE,-0.19184849449041,-0.17621393482091,203,14394311.4548,0.993146819248091,2,cps_occ_ind_2021_2022
22,AIOE,0.117663786384564,0.130893374734306,236,31777432.5051,0.992006221791701,2,cps_occ_ind_2021_2022
31,AIOE,-0.315107158828184,-0.298514855085312,251,57284484.7982,0.940067480499799,2,cps_occ_ind_2021_2022
32,AIOE,-0.0659917100919845,-0.0513350823999152,314,89878078.9313,0.989572446397588,2,cps_occ_ind_2021_2022
33,AIOE,-0.0429536747813836,-0.0284760571564727,355,196856231.0582,0.989401118792064,2,cps_occ_ind_2021_2022
42,AIOE,0.273179102492244,0.285200306237779,290,76108067.9877,0.979247157429815,2,cps_occ_ind_2021_2022
44,AIOE,-0.120699677034442,-0.105617957675293,331,250402484.2225,0.985360040699471,2,cps_occ_ind_2021_2022
45,AIOE,-0.119868330313529,-0.104793070681971,290,121388084.7104,0.968804931758825,2,cps_occ_ind_2021_2022
48,AIOE,-0.426006527534923,-0.408552513877454,273,119681385.7299,0.982993693220035,2,cps_occ_ind_2021_2022
49,AIOE,-0.81346999040928,-0.793005309410816,210,78869250.5145,0.994527398356905,2,cps_occ_ind_2021_2022
51,AIOE,0.686758494689649,0.69556610518497,251,66527956.6479,0.990411224493961,2,cps_occ_ind_2021_2022
52,AIOE,1.13909864777054,1.1443914862773,274,181417816.5401,0.988317274873097,2,cps_occ_ind_2021_2022
53,AIOE,0.697531494162856,0.706255396332654,238,75911608.2154,0.974879062369595,2,cps_occ_ind_2021_2022
54,AIOE,0.983591691048635,0.99009284920553,359,316003884.9392,0.990673460753455,2,cps_occ_ind_2021_2022
55,AIOE,0.944405931407475,0.951211570626683,70,1939093.3916,0.976903023898706,2,cps_occ_ind_2021_2022
56,AIOE,-0.427722245281131,-0.410254900159203,343,157159261.0013,0.988413101534547,2,cps_occ_ind_2021_2022
61,AIOE,0.747427608310792,0.755763807856468,329,326622668.322399,0.992346315386463,2,cps_occ_ind_2021_2022
62,AIOE,0.218478183772498,0.230924424419035,340,476470186.4146,0.927716756270876,2,cps_occ_ind_2021_2022
71,AIOE,-0.0471036402025727,-0.0325937765298219,273,72646586.6197,0.960084870628453,2,cps_occ_ind_2021_2022
72,AIOE,-0.559739766284837,-0.541246619049912,278,242270570.6062,0.997474012756808,2,cps_occ_ind_2021_2022
81,AIOE,-0.184099504546213,-0.168525156053214,333,169635985.6193,0.95831377464503,2,cps_occ_ind_2021_2022
92,AIOE,0.607217921503457,0.616643577902251,357,89662219.3513,0.9399228924221,2,cps_occ_ind_2021_2022
11,ai_applicability_score,0.118222995160653,-0.492843496674321,212,54301629.6502001,0.983531199253645,2,cps_occ_ind_2021_2022
21,ai_applicability_score,0.137446933473676,-0.302027699837782,203,14394311.4548,0.993146819248091,2,cps_occ_ind_2021_2022
22,ai_applicability_score,0.175441670411718,0.0751060532140348,236,31777432.5051,0.992006221791701,2,cps_occ_ind_2021_2022
31,ai_applicability_score,0.142255538702037,-0.254297738194051,251,57284484.7982,0.940067480499799,2,cps_occ_ind_2021_2022
32,ai_applicability_score,0.160502219385371,-0.0731821489990141,314,89878078.9313,0.989572446397588,2,cps_occ_ind_2021_2022
33,ai_applicability_score,0.16700154503752,-0.00867018568425663,355,196856231.0582,0.989401118792064,2,cps_occ_ind_2021_2022
42,ai_applicability_score,0.199419076732318,0.313104522551578,290,76108067.9877,0.979247157429815,2,cps_occ_ind_2021_2022
44,ai_applicability_score,0.213183602895909,0.449730482602842,331,250402484.2225,0.985360040699471,2,cps_occ_ind_2021_2022
45,ai_applicability_score,0.210945640080127,0.427516581838567,290,121388084.7104,0.968804931758825,2,cps_occ_ind_2021_2022
48,ai_applicability_score,0.165341632287356,-0.0251463920132711,273,119681385.7299,0.982993693220035,2,cps_occ_ind_2021_2022
49,ai_applicability_score,0.138988861664045,-0.286722602020725,210,78869250.5145,0.994527398356905,2,cps_occ_ind_2021_2022
51,ai_applicability_score,0.245606902446685,0.771562442272614,251,66527956.6479,0.990411224493961,2,cps_occ_ind_2021_2022
52,ai_applicability_score,0.242231957974121,0.738062921605969,274,181417816.5401,0.988317274873097,2,cps_occ_ind_2021_2022
53,ai_applicability_score,0.210483629989543,0.422930694069585,238,75911608.2154,0.974879062369595,2,cps_occ_ind_2021_2022
54,ai_applicability_score,0.2332741665387,0.649148356712292,359,316003884.9392,0.990673460753455,2,cps_occ_ind_2021_2022
55,ai_applicability_score,0.222875768905374,0.545934410749824,70,1939093.3916,0.976903023898706,2,cps_occ_ind_2021_2022
56,ai_applicability_score,0.146554331129638,-0.21162815149693,343,157159261.0013,0.988413101534547,2,cps_occ_ind_2021_2022
61,ai_applicability_score,0.213214196991057,0.450034157976176,329,326622668.322399,0.992346315386463,2,cps_occ_ind_2021_2022
62,ai_applicability_score,0.148422008388289,-0.193089685624854,340,476470186.4146,0.927716756270876,2,cps_occ_ind_2021_2022
71,ai_applicability_score,0.207625274610186,0.394558809470659,273,72646586.6197,0.960084870628453,2,cps_occ_ind_2021_2022
72,ai_applicability_score,0.192570076537618,0.245121708187266,278,242270570.6062,0.997474012756808,2,cps_occ_ind_2021_2022
81,ai_applicability_score,0.154187504298543,-0.13586167758825,333,169635985.6193,0.95831377464503,2,cps_occ_ind_2021_2022
92,ai_applicability_score,0.2091594604148,0.409787056775447,357,89662219.3513,0.9399228924221,2,cps_occ_ind_2021_2022
11,dv_rating_beta,0.281896251644576,-0.238389715774758,212,54301629.6502001,0.983531199253645,2,cps_occ_ind_2021_2022
21,dv_rating_beta,0.316328678680716,-0.0876228793537507,203,14394311.4548,0.993146819248091,2,cps_occ_ind_2021_2022
22,dv_rating_beta,0.366421317139837,0.131714218798987,236,31777432.5051,0.992006221791701,2,cps_occ_ind_2021_2022
31,dv_rating_beta,0.282158398428096,-0.23724187216827,251,57284484.7982,0.940067480499799,2,cps_occ_ind_2021_2022
32,dv_rating_beta,0.343786556261269,0.0326049899541571,314,89878078.9313,0.989572446397588,2,cps_occ_ind_2021_2022
33,dv_rating_beta,0.349206302349588,0.0563360493733332,355,196856231.0582,0.989401118792064,2,cps_occ_ind_2021_2022
42,dv_rating_beta,0.430746311143148,0.413369526991472,290,76108067.9877,0.979247157429815,2,cps_occ_ind_2021_2022
44,dv_rating_beta,0.339247097724015,0.0127283834631989,331,250402484.2225,0.985360040699471,2,cps_occ_ind_2021_2022
45,dv_rating_beta,0.348911078447871,0.0550433733255169,290,121388084.7104,0.968804931758825,2,cps_occ_ind_2021_2022
48,dv_rating_beta,0.324933446173467,-0.0499457916579386,273,119681385.7299,0.982993693220035,2,cps_occ_ind_2021_2022
49,dv_rating_beta,0.266187067444601,-0.307174411146336,210,78869250.5145,0.994527398356905,2,cps_occ_ind_2021_2022
51,dv_rating_beta,0.516278072938972,0.787881411557046,251,66527956.6479,0.990411224493961,2,cps_occ_ind_2021_2022
52,dv_rating_beta,0.563514758676733,0.994713351234738,274,181417816.5401,0.988317274873097,2,cps_occ_ind_2021_2022
53,dv_rating_beta,0.429733281918219,0.408933847470992,238,75911608.2154,0.974879062369595,2,cps_occ_ind_2021_2022
54,dv_rating_beta,0.550653447192086,0.938398434986456,359,316003884.9392,0.990673460753455,2,cps_occ_ind_2021_2022
55,dv_rating_beta,0.550710820582033,0.938649651796933,70,1939093.3916,0.976903023898706,2,cps_occ_ind_2021_2022
56,dv_rating_beta,0.266332282659758,-0.306538567539773,343,157159261.0013,0.988413101534547,2,cps_occ_ind_2021_2022
61,dv_rating_beta,0.388752455105082,0.229493995437073,329,326622668.322399,0.992346315386463,2,cps_occ_ind_2021_2022
62,dv_rating_beta,0.349706815202698,0.0585276096537678,340,476470186.4146,0.927716756270876,2,cps_occ_ind_2021_2022
71,dv_rating_beta,0.336906742200961,0.00248083402554158,273,72646586.6197,0.960084870628453,2,cps_occ_ind_2021_2022
72,dv_rating_beta,0.222789513272145,-0.497196216583492,278,242270570.6062,0.997474012756808,2,cps_occ_ind_2021_2022
81,dv_rating_beta,0.258366289927664,-0.341418697305529,333,169635985.6193,0.95831377464503,2,cps_occ_ind_2021_2022
92,dv_rating_beta,0.4613978491993,0.547581251866793,357,89662219.3513,0.9399228924221,2,cps_occ_ind_2021_2022
11,genaiexp_estz_core,0.0791190907514908,-0.562512337600035,212,54301629.6502001,0.983531199253645,2,cps_occ_ind_2021_2022
21,genaiexp_estz_core,0.183190520372534,-0.0360941122510747,203,14394311.4548,0.993146819248091,2,cps_occ_ind_2021_2022
22,genaiexp_estz_core,0.245153214863085,0.277328042035925,236,31777432.5051,0.992006221791701,2,cps_occ_ind_2021_2022
31,genaiexp_estz_core,0.16885500180042,-0.108606599815324,251,57284484.7982,0.940067480499799,2,cps_occ_ind_2021_2022
32,genaiexp_estz_core,0.21645562647223,0.132168764340618,314,89878078.9313,0.989572446397588,2,cps_occ_ind_2021_2022
33,genaiexp_estz_core,0.228934086339021,0.195287804043287,355,196856231.0582,0.989401118792064,2,cps_occ_ind_2021_2022
42,genaiexp_estz_core,0.250128667763517,0.302495074867988,290,76108067.9877,0.979247157429815,2,cps_occ_ind_2021_2022
44,genaiexp_estz_core,0.155315004566817,-0.177095149851555,331,250402484.2225,0.985360040699471,2,cps_occ_ind_2021_2022
45,genaiexp_estz_core,0.166955262639569,-0.118215935646711,290,121388084.7104,0.968804931758825,2,cps_occ_ind_2021_2022
48,genaiexp_estz_core,0.139011971217644,-0.259559798552234,273,119681385.7299,0.982993693220035,2,cps_occ_ind_2021_2022
49,genaiexp_estz_core,0.158858459212699,-0.159171507281429,210,78869250.5145,0.994527398356905,2,cps_occ_ind_2021_2022
51,genaiexp_estz_core,0.34384039070513,0.77651142176501,251,66527956.6479,0.990411224493961,2,cps_occ_ind_2021_2022
52,genaiexp_estz_core,0.355978738190175,0.837910091553767,274,181417816.5401,0.988317274873097,2,cps_occ_ind_2021_2022
53,genaiexp_estz_core,0.215784596644293,0.128774534699828,238,75911608.2154,0.974879062369595,2,cps_occ_ind_2021_2022
54,genaiexp_estz_core,0.403742763942475,1.07951197752386,359,316003884.9392,0.990673460753455,2,cps_occ_ind_2021_2022
55,genaiexp_estz_core,0.365782106159512,0.887497875517653,70,1939093.3916,0.976903023898706,2,cps_occ_ind_2021_2022
56,genaiexp_estz_core,0.164054810173233,-0.132887119136716,343,157159261.0013,0.988413101534547,2,cps_occ_ind_2021_2022
61,genaiexp_estz_core,0.21557715452997,0.127725242784823,329,326622668.322399,0.992346315386463,2,cps_occ_ind_2021_2022
62,genaiexp_estz_core,0.182629197610839,-0.0389334172662513,340,476470186.4146,0.927716756270876,2,cps_occ_ind_2021_2022
71,genaiexp_estz_core,0.173834236597893,-0.0834204372419277,273,72646586.6197,0.960084870628453,2,cps_occ_ind_2021_2022
72,genaiexp_estz_core,0.112160993132853,-0.395378478892734,278,242270570.6062,0.997474012756808,2,cps_occ_ind_2021_2022
81,genaiexp_estz_core,0.134572830170868,-0.282014037534315,333,169635985.6193,0.95831377464503,2,cps_occ_ind_2021_2022
92,genaiexp_estz_core,0.305589805635287,0.583030798078499,357,89662219.3513,0.9399228924221,2,cps_occ_ind_2021_2022
11,genaiexp_estz_total,0.106364226774313,-0.581803053574518,212,54301629.6502001,0.983531199253645,2,cps_occ_ind_2021_2022
21,genaiexp_estz_total,0.238089053963269,-0.0166918783454065,203,14394311.4548,0.993146819248091,2,cps_occ_ind_2021_2022
22,genaiexp_estz_total,0.303846172184467,0.265411982791989,236,31777432.5051,0.992006221791701,2,cps_occ_ind_2021_2022
31,genaiexp_estz_total,0.218784473380219,-0.0995102388124359,251,57284484.7982,0.940067480499799,2,cps_occ_ind_2021_2022
32,genaiexp_estz_total,0.277664287848147,0.153089380115226,314,89878078.9313,0.989572446397588,2,cps_occ_ind_2021_2022
33,genaiexp_estz_total,0.28636174018616,0.190402220960206,355,196856231.0582,0.989401118792064,2,cps_occ_ind_2021_2022
42,genaiexp_estz_total,0.362595050835245,0.517449875467375,290,76108067.9877,0.979247157429815,2,cps_occ_ind_2021_2022
44,genaiexp_estz_total,0.233314677918478,-0.0371743744339182,331,250402484.2225,0.985360040699471,2,cps_occ_ind_2021_2022
45,genaiexp_estz_total,0.239257768450208,-0.0116779896858732,290,121388084.7104,0.968804931758825,2,cps_occ_ind_2021_2022
48,genaiexp_estz_total,0.177733072908469,-0.275624382671696,273,119681385.7299,0.982993693220035,2,cps_occ_ind_2021_2022
49,genaiexp_estz_total,0.210333110378309,-0.135767334609924,210,78869250.5145,0.994527398356905,2,cps_occ_ind_2021_2022
51,genaiexp_estz_total,0.418112592923384,0.755625048096416,251,66527956.6479,0.990411224493961,2,cps_occ_ind_2021_2022
52,genaiexp_estz_total,0.460060663406537,0.935585985720754,274,181417816.5401,0.988317274873097,2,cps_occ_ind_2021_2022
53,genaiexp_estz_total,0.323346907400215,0.349071864006296,238,75911608.2154,0.974879062369595,2,cps_occ_ind_2021_2022
54,genaiexp_estz_total,0.474840007003696,0.998990678727673,359,316003884.9392,0.990673460753455,2,cps_occ_ind_2021_2022
55,genaiexp_estz_total,0.463583077575615,0.950697454478843,70,1939093.3916,0.976903023898706,2,cps_occ_ind_2021_2022
56,genaiexp_estz_total,0.210922854606645,-0.133237279637967,343,157159261.0013,0.988413101534547,2,cps_occ_ind_2021_2022
61,genaiexp_estz_total,0.262080696684212,0.0862343938163388,329,326622668.322399,0.992346315386463,2,cps_occ_ind_2021_2022
62,genaiexp_estz_total,0.228304533790175,-0.0586683364821697,340,476470186.4146,0.927716756270876,2,cps_occ_ind_2021_2022
71,genaiexp_estz_total,0.228561002495544,-0.0575680630212511,273,72646586.6197,0.960084870628453,2,cps_occ_ind_2021_2022
72,genaiexp_estz_total,0.151385373529073,-0.388658346569142,278,242270570.6062,0.997474012756808,2,cps_occ_ind_2021_2022
81,genaiexp_estz_total,0.180571330438135,-0.263448006490978,333,169635985.6193,0.95831377464503,2,cps_occ_ind_2021_2022
92,genaiexp_estz_total,0.383728126424209,0.608112641455703,357,89662219.3513,0.9399228924221,2,cps_occ_ind_2021_2022
11,human_rating_beta,0.188567482519466,-0.487721762673809,212,54301629.6502001,0.983531199253645,2,cps_occ_ind_2021_2022
21,human_rating_beta,0.27194060887817,-0.0861460975278412,203,14394311.4548,0.993146819248091,2,cps_occ_ind_2021_2022
22,human_rating_beta,0.311120237252707,0.102566812876695,236,31777432.5051,0.992006221791701,2,cps_occ_ind_2021_2022
31,human_rating_beta,0.230385008562903,-0.286303133325519,251,57284484.7982,0.940067480499799,2,cps_occ_ind_2021_2022
32,human_rating_beta,0.277246759910085,-0.0605884481620448,314,89878078.9313,0.989572446397588,2,cps_occ_ind_2021_2022
33,human_rating_beta,0.287185840641078,-0.0127157926697203,355,196856231.0582,0.989401118792064,2,cps_occ_ind_2021_2022
42,human_rating_beta,0.392841436612283,0.496185793267999,290,76108067.9877,0.979247157429815,2,cps_occ_ind_2021_2022
44,human_rating_beta,0.326687427396003,0.177547865036741,331,250402484.2225,0.985360040699471,2,cps_occ_ind_2021_2022
45,human_rating_beta,0.337913955370648,0.231621649187538,290,121388084.7104,0.968804931758825,2,cps_occ_ind_2021_2022
48,human_rating_beta,0.246466173540917,-0.2088464658787,273,119681385.7299,0.982993693220035,2,cps_occ_ind_2021_2022
49,human_rating_beta,0.207093291872291,-0.398490201640338,210,78869250.5145,0.994527398356905,2,cps_occ_ind_2021_2022
51,human_rating_beta,0.451200627317583,0.777279136511855,251,66527956.6479,0.990411224493961,2,cps_occ_ind_2021_2022
52,human_rating_beta,0.511280303962235,1.06665938604849,274,181417816.5401,0.988317274873097,2,cps_occ_ind_2021_2022
53,human_rating_beta,0.393301483776829,0.498401660108661,238,75911608.2154,0.974879062369595,2,cps_occ_ind_2021_2022
54,human_rating_beta,0.477258093037887,0.902787733654168,359,316003884.9392,0.990673460753455,2,cps_occ_ind_2021_2022
55,human_rating_beta,0.482600955148824,0.928522205895875,70,1939093.3916,0.976903023898706,2,cps_occ_ind_2021_2022
56,human_rating_beta,0.250479415725177,-0.18951625157676,343,157159261.0013,0.988413101534547,2,cps_occ_ind_2021_2022
61,human_rating_beta,0.359369971814659,0.334966869058703,329,326622668.322399,0.992346315386463,2,cps_occ_ind_2021_2022
62,human_rating_beta,0.321833585242438,0.154168810220623,340,476470186.4146,0.927716756270876,2,cps_occ_ind_2021_2022
71,human_rating_beta,0.315372740688793,0.123049454831785,273,72646586.6197,0.960084870628453,2,cps_occ_ind_2021_2022
72,human_rating_beta,0.225910437890345,-0.307855386102324,278,242270570.6062,0.997474012756808,2,cps_occ_ind_2021_2022
81,human_rating_beta,0.229597999009129,-0.290093849816986,333,169635985.6193,0.95831377464503,2,cps_occ_ind_2021_2022
92,human_rating_beta,0.422565212455003,0.639353568977104,357,89662219.3513,0.9399228924221,2,cps_occ_ind_2021_2022
11,pca_score,-1.17902168700477,-0.531210525859861,212,54301629.6502001,0.983531199253645,2,cps_occ_ind_2021_2022
21,pca_score,-0.276565377022669,-0.124607071254193,203,14394311.4548,0.993146819248091,2,cps_occ_ind_2021_2022
22,pca_score,0.404353978148323,0.182182475295578,236,31777432.5051,0.992006221791701,2,cps_occ_ind_2021_2022
31,pca_score,-0.522219106103944,-0.23528683910156,251,57284484.7982,0.940067480499799,2,cps_occ_ind_2021_2022
32,pca_score,0.0588064203067247,0.0264953476253951,314,89878078.9313,0.989572446397588,2,cps_occ_ind_2021_2022
33,pca_score,0.163116943318127,0.0734926576768928,355,196856231.0582,0.989401118792064,2,cps_occ_ind_2021_2022
42,pca_score,0.95583430243091,0.430653013448056,290,76108067.9877,0.979247157429815,2,cps_occ_ind_2021_2022
44,pca_score,0.111604063779304,0.0502834291020649,331,250402484.2225,0.985360040699471,2,cps_occ_ind_2021_2022
45,pca_score,0.179524781575622,0.0808852412782433,290,121388084.7104,0.968804931758825,2,cps_occ_ind_2021_2022
48,pca_score,-0.507181161552072,-0.22851146378718,273,119681385.7299,0.982993693220035,2,cps_occ_ind_2021_2022
49,pca_score,-0.849599208818227,-0.382788584349954,210,78869250.5145,0.994527398356905,2,cps_occ_ind_2021_2022
51,pca_score,1.86071014065116,0.838346591231174,251,66527956.6479,0.990411224493961,2,cps_occ_ind_2021_2022
52,pca_score,2.34359316796436,1.05591048313845,274,181417816.5401,0.988317274873097,2,cps_occ_ind_2021_2022
53,pca_score,1.02575741779738,0.4621570097638,238,75911608.2154,0.974879062369595,2,cps_occ_ind_2021_2022
54,pca_score,2.27990278283892,1.02721465561669,359,316003884.9392,0.990673460753455,2,cps_occ_ind_2021_2022
55,pca_score,2.13937035308311,0.96389749467405,70,1939093.3916,0.976903023898706,2,cps_occ_ind_2021_2022
56,pca_score,-0.565309426393634,-0.254701267142071,343,157159261.0013,0.988413101534547,2,cps_occ_ind_2021_2022
61,pca_score,0.799601674405205,0.360262097483788,329,326622668.322399,0.992346315386463,2,cps_occ_ind_2021_2022
62,pca_score,0.0748277241728322,0.0337137774010988,340,476470186.4146,0.927716756270876,2,cps_occ_ind_2021_2022
71,pca_score,0.123831395241504,0.0557924771946399,273,72646586.6197,0.960084870628453,2,cps_occ_ind_2021_2022
72,pca_score,-0.799694052074683,-0.360303718423353,278,242270570.6062,0.997474012756808,2,cps_occ_ind_2021_2022
81,pca_score,-0.611616497430828,-0.275565008520051,333,169635985.6193,0.95831377464503,2,cps_occ_ind_2021_2022
92,pca_score,1.39652707391122,0.629208003115306,357,89662219.3513,0.9399228924221,2,cps_occ_ind_2021_2022
