naics,adopt,n_src,pooled,adopt_z,metric,exposure,exposure_z
221,10.05,1,FALSE,0.421501831380109,AIOE,0.117663786384564,0.130893374734306
311,4.47222222222222,1,FALSE,-0.494109484044238,AIOE,-0.384582527656132,-0.367450386628003
312,7.63684210526316,1,FALSE,0.0253737025167659,AIOE,-0.05102930871352,-0.0364889418240541
321,3.73333333333333,1,FALSE,-0.615400624434117,AIOE,-0.555119532907188,-0.536662285794651
323,5.5325,1,FALSE,-0.32006125740207,AIOE,-0.0190663275422186,-0.00477431930525439
325,7.84,1,FALSE,0.0587227663643667,AIOE,0.266547604493371,0.278620336283123
326,5.6,1,FALSE,-0.308980901343897,AIOE,-0.304343432114623,-0.287834764646106
332,1.86363636363636,1,FALSE,-0.922317782139742,AIOE,-0.34408311878444,-0.32726566613161
333,4.20434782608696,1,FALSE,-0.538081983126414,AIOE,-0.0756323941293866,-0.0609008564255173
334,7.712,1,FALSE,0.0377111282096086,AIOE,0.529971288826591,0.539997166759765
335,14.7,1,FALSE,1.18481524872092,AIOE,-0.0599573636707781,-0.0453476240376753
336,5,1,FALSE,-0.407472955194325,AIOE,-0.053807227512393,-0.039245275647297
337,6.36,1,FALSE,-0.184224299800021,AIOE,-0.562184700178141,-0.543672555325819
339,5.41538461538462,1,FALSE,-0.33928614868249,AIOE,0.104839813797922,0.118169046937812
423,3.58888888888889,1,FALSE,-0.639111674435145,AIOE,0.376128756700206,0.387350021376928
424,3.14444444444444,1,FALSE,-0.712068751361388,AIOE,0.152238226045482,0.165199164196445
425,4.59807692307692,1,FALSE,-0.47345000408772,AIOE,0.887344762585924,0.894593778313811
441,3.79622641509434,1,FALSE,-0.605076509774742,AIOE,-0.117958194893711,-0.10289777739019
444,2.17142857142857,1,FALSE,-0.871792637632055,AIOE,-0.123432875531422,-0.108329918682188
445,1.3,1,FALSE,-1.0148406206053,AIOE,-0.369307167080546,-0.352293718609556
484,1.48717948717949,1,FALSE,-0.984114467053667,AIOE,-0.76953984283625,-0.749416507727801
485,5.0625,1,FALSE,-0.397213366251572,AIOE,-0.0934535612081562,-0.0785835495297227
488,3.56666666666667,1,FALSE,-0.642759528281458,AIOE,-0.188693588700373,-0.173083543269597
492,8.86666666666667,1,FALSE,0.227253614063987,AIOE,-0.808312832002403,-0.787888223139445
512,17.9648148148148,1,FALSE,1.72074577630828,AIOE,0.462167980287548,0.472720703268552
517,10.8052631578947,1,FALSE,0.545480864077797,AIOE,0.477771427973937,0.488202909096397
518,25.6166666666667,1,FALSE,2.97682345072176,AIOE,1.01602585780529,1.02227499610497
519,24.1944444444445,1,FALSE,2.74336080455779,AIOE,0.941116511253771,0.947947709914776
522,7.04814814814815,1,FALSE,-0.0712624256925559,AIOE,1.13779982568768,1.14310275629757
523,12.6592592592593,1,FALSE,0.84982067050126,AIOE,1.09173068945463,1.09739158631728
524,6.75185185185185,1,FALSE,-0.119900476976718,AIOE,1.16453512707873,1.16963031913657
531,9.60555555555556,1,FALSE,0.348544754453866,AIOE,0.74738949293122,0.755725988640895
532,4.33333333333333,1,FALSE,-0.516908570583689,AIOE,0.232604862779291,0.244941336350484
541,15.3407407407407,1,FALSE,1.28999503462292,AIOE,0.983591691048635,0.99009284920553
551,17.4625,1,FALSE,1.6382890799906,AIOE,0.944405931407475,0.951211570626683
561,5.98333333333333,1,FALSE,-0.246055422495013,AIOE,-0.424291684933259,-0.406850995940205
562,5.03333333333333,1,FALSE,-0.402001174424857,AIOE,-0.47038441408433,-0.452585575516906
611,11.5462962962963,1,FALSE,0.667123990365126,AIOE,0.747427608310792,0.755763807856468
621,7.0537037037037,1,FALSE,-0.070350462230978,AIOE,0.262636322972588,0.274739446189311
623,3.73636363636364,1,FALSE,-0.61490318981871,AIOE,-0.261481832879325,-0.24530620847
624,5.89259259259259,1,FALSE,-0.260950825700787,AIOE,0.361694426163276,0.373027848428263
711,7.37037037037037,1,FALSE,-0.0183685449210296,AIOE,0.404573933132167,0.415574173191349
712,8.28214285714286,1,FALSE,0.131302029856527,AIOE,0.0496741160207015,0.0634319974863179
713,4.30740740740741,1,FALSE,-0.521164400071053,AIOE,-0.261880303081453,-0.245701582480257
721,2.65,1,FALSE,-0.793233499441833,AIOE,-0.280212885343992,-0.263891716971632
722,1.67222222222222,1,FALSE,-0.953739068679567,AIOE,-0.59573011026,-0.576957310971193
811,2.11666666666667,1,FALSE,-0.880781991753325,AIOE,-0.592632200220614,-0.573883472302336
812,3.87777777777778,1,FALSE,-0.591689574433087,AIOE,-0.379992462332795,-0.362895987015336
221,10.05,1,FALSE,0.421501831380109,ai_applicability_score,0.175441670411718,0.0751060532140348
311,4.47222222222222,1,FALSE,-0.494109484044238,ai_applicability_score,0.138329364211415,-0.293268738919736
312,7.63684210526316,1,FALSE,0.0253737025167659,ai_applicability_score,0.170736970170432,0.0284074469867237
321,3.73333333333333,1,FALSE,-0.615400624434117,ai_applicability_score,0.132150129008076,-0.354603501337631
323,5.5325,1,FALSE,-0.32006125740207,ai_applicability_score,0.184478720275373,0.164807333082211
325,7.84,1,FALSE,0.0587227663643667,ai_applicability_score,0.175584530060427,0.0765240705453657
326,5.6,1,FALSE,-0.308980901343897,ai_applicability_score,0.148099200599094,-0.196293858698932
332,1.86363636363636,1,FALSE,-0.922317782139742,ai_applicability_score,0.155161380191809,-0.126195036883953
333,4.20434782608696,1,FALSE,-0.538081983126414,ai_applicability_score,0.169625239214625,0.0173724642092119
334,7.712,1,FALSE,0.0377111282096086,ai_applicability_score,0.203685241139219,0.355450245237705
335,14.7,1,FALSE,1.18481524872092,ai_applicability_score,0.166464408071624,-0.0140017788515251
336,5,1,FALSE,-0.407472955194325,ai_applicability_score,0.161380563476211,-0.0644637519223437
337,6.36,1,FALSE,-0.184224299800021,ai_applicability_score,0.139441035062367,-0.28223435273984
339,5.41538461538462,1,FALSE,-0.33928614868249,ai_applicability_score,0.172314161041627,0.0440625603120986
423,3.58888888888889,1,FALSE,-0.639111674435145,ai_applicability_score,0.207314140964082,0.391470513324614
424,3.14444444444444,1,FALSE,-0.712068751361388,ai_applicability_score,0.190443640789549,0.224014819209438
425,4.59807692307692,1,FALSE,-0.47345000408772,ai_applicability_score,0.239122059781964,0.707194236326485
441,3.79622641509434,1,FALSE,-0.605076509774742,ai_applicability_score,0.194864960215881,0.267900602427594
444,2.17142857142857,1,FALSE,-0.871792637632055,ai_applicability_score,0.223161429125553,0.548769859014918
445,1.3,1,FALSE,-1.0148406206053,ai_applicability_score,0.198487865339682,0.303861367428215
484,1.48717948717949,1,FALSE,-0.984114467053667,ai_applicability_score,0.14427307209388,-0.234271808255023
485,5.0625,1,FALSE,-0.397213366251572,ai_applicability_score,0.186515065075261,0.185019984064411
488,3.56666666666667,1,FALSE,-0.642759528281458,ai_applicability_score,0.174010070749992,0.0608960705478904
492,8.86666666666667,1,FALSE,0.227253614063987,ai_applicability_score,0.144014991095577,-0.236833506619723
512,17.9648148148148,1,FALSE,1.72074577630828,ai_applicability_score,0.199873084977803,0.317610984428533
517,10.8052631578947,1,FALSE,0.545480864077797,ai_applicability_score,0.248642165806163,0.801690306143003
518,25.6166666666667,1,FALSE,2.97682345072176,ai_applicability_score,0.269440481121864,1.00813328599457
519,24.1944444444445,1,FALSE,2.74336080455779,ai_applicability_score,0.25062898063323,0.821411325229742
522,7.04814814814815,1,FALSE,-0.0712624256925559,ai_applicability_score,0.242152841919826,0.737277619827689
523,12.6592592592593,1,FALSE,0.84982067050126,ai_applicability_score,0.259590223924133,0.910360153058711
524,6.75185185185185,1,FALSE,-0.119900476976718,ai_applicability_score,0.233572673225313,0.652111318325031
531,9.60555555555556,1,FALSE,0.348544754453866,ai_applicability_score,0.210713378648073,0.425211167125404
532,4.33333333333333,1,FALSE,-0.516908570583689,ai_applicability_score,0.208341220095162,0.401665246558771
541,15.3407407407407,1,FALSE,1.28999503462292,ai_applicability_score,0.2332741665387,0.649148356712292
551,17.4625,1,FALSE,1.6382890799906,ai_applicability_score,0.222875768905374,0.545934410749824
561,5.98333333333333,1,FALSE,-0.246055422495013,ai_applicability_score,0.147196125911784,-0.205257730370598
562,5.03333333333333,1,FALSE,-0.402001174424857,ai_applicability_score,0.13857302354242,-0.290850189263299
611,11.5462962962963,1,FALSE,0.667123990365126,ai_applicability_score,0.213214196991057,0.450034157976176
621,7.0537037037037,1,FALSE,-0.070350462230978,ai_applicability_score,0.144752670297776,-0.229511341801804
623,3.73636363636364,1,FALSE,-0.61490318981871,ai_applicability_score,0.114658248031888,-0.528226988486466
624,5.89259259259259,1,FALSE,-0.260950825700787,ai_applicability_score,0.193338077927614,0.2527448494405
711,7.37037037037037,1,FALSE,-0.0183685449210296,ai_applicability_score,0.222643130953984,0.543625258725609
712,8.28214285714286,1,FALSE,0.131302029856527,ai_applicability_score,0.205119324520808,0.369684881176094
713,4.30740740740741,1,FALSE,-0.521164400071053,ai_applicability_score,0.201576372596434,0.334517727412131
721,2.65,1,FALSE,-0.793233499441833,ai_applicability_score,0.159931143064043,-0.0788506224165965
722,1.67222222222222,1,FALSE,-0.953739068679567,ai_applicability_score,0.196772486118917,0.286834603840175
811,2.11666666666667,1,FALSE,-0.880781991753325,ai_applicability_score,0.126525840910639,-0.410429888078772
812,3.87777777777778,1,FALSE,-0.591689574433087,ai_applicability_score,0.144263763151758,-0.23436420832309
221,10.05,1,FALSE,0.421501831380109,dv_rating_beta,0.366421317139837,0.131714218798987
311,4.47222222222222,1,FALSE,-0.494109484044238,dv_rating_beta,0.269427423658931,-0.292986092245699
312,7.63684210526316,1,FALSE,0.0253737025167659,dv_rating_beta,0.342903986879341,0.0287405457343073
321,3.73333333333333,1,FALSE,-0.615400624434117,dv_rating_beta,0.248851853373131,-0.383078888675417
323,5.5325,1,FALSE,-0.32006125740207,dv_rating_beta,0.393735829690776,0.2513143457771
325,7.84,1,FALSE,0.0587227663643667,dv_rating_beta,0.3964685006856,0.26327969926312
326,5.6,1,FALSE,-0.308980901343897,dv_rating_beta,0.291063638031373,-0.198249128463393
332,1.86363636363636,1,FALSE,-0.922317782139742,dv_rating_beta,0.294363980134319,-0.183798153588868
333,4.20434782608696,1,FALSE,-0.538081983126414,dv_rating_beta,0.343247278386386,0.0302436920107219
334,7.712,1,FALSE,0.0377111282096086,dv_rating_beta,0.477234205583274,0.616922787098727
335,14.7,1,FALSE,1.18481524872092,dv_rating_beta,0.351608502439466,0.066854393247873
336,5,1,FALSE,-0.407472955194325,dv_rating_beta,0.339418672657524,0.0134796465068142
337,6.36,1,FALSE,-0.184224299800021,dv_rating_beta,0.258178451831267,-0.342241170711875
339,5.41538461538462,1,FALSE,-0.33928614868249,dv_rating_beta,0.372760732683319,0.159472169908438
423,3.58888888888889,1,FALSE,-0.639111674435145,dv_rating_beta,0.451084989313662,0.50242506064685
424,3.14444444444444,1,FALSE,-0.712068751361388,dv_rating_beta,0.407636576321369,0.312180563287258
425,4.59807692307692,1,FALSE,-0.47345000408772,dv_rating_beta,0.532726800351077,0.859904292560223
441,3.79622641509434,1,FALSE,-0.605076509774742,dv_rating_beta,0.350328193061021,0.0612483929962586
444,2.17142857142857,1,FALSE,-0.871792637632055,dv_rating_beta,0.353733747790563,0.0761600549680609
445,1.3,1,FALSE,-1.0148406206053,dv_rating_beta,0.283263082921268,-0.232404868198029
484,1.48717948717949,1,FALSE,-0.984114467053667,dv_rating_beta,0.328227936456792,-0.0355204397326946
485,5.0625,1,FALSE,-0.397213366251572,dv_rating_beta,0.290908528365272,-0.198928296203495
488,3.56666666666667,1,FALSE,-0.642759528281458,dv_rating_beta,0.359050066055118,0.0994382422800648
492,8.86666666666667,1,FALSE,0.227253614063987,dv_rating_beta,0.301889103921514,-0.150848425535104
512,17.9648148148148,1,FALSE,1.72074577630828,dv_rating_beta,0.447375270778135,0.486181578099809
517,10.8052631578947,1,FALSE,0.545480864077797,dv_rating_beta,0.485885315953739,0.65480279308015
518,25.6166666666667,1,FALSE,2.97682345072176,dv_rating_beta,0.656239170403022,1.40071918405907
519,24.1944444444445,1,FALSE,2.74336080455779,dv_rating_beta,0.564446213027247,0.998791844613962
522,7.04814814814815,1,FALSE,-0.0712624256925559,dv_rating_beta,0.558427543564786,0.972438321716302
523,12.6592592592593,1,FALSE,0.84982067050126,dv_rating_beta,0.543417568042088,0.906715201997242
524,6.75185185185185,1,FALSE,-0.119900476976718,dv_rating_beta,0.579717349830591,1.06565849278767
531,9.60555555555556,1,FALSE,0.348544754453866,dv_rating_beta,0.429205084510622,0.406621066787091
532,4.33333333333333,1,FALSE,-0.516908570583689,dv_rating_beta,0.434658731143729,0.430500564127447
541,15.3407407407407,1,FALSE,1.28999503462292,dv_rating_beta,0.550653447192086,0.938398434986456
551,17.4625,1,FALSE,1.6382890799906,dv_rating_beta,0.550710820582033,0.938649651796933
561,5.98333333333333,1,FALSE,-0.246055422495013,dv_rating_beta,0.261811051658036,-0.326335362408246
562,5.03333333333333,1,FALSE,-0.402001174424857,dv_rating_beta,0.322557942795219,-0.0603472405267619
611,11.5462962962963,1,FALSE,0.667123990365126,dv_rating_beta,0.388752455105082,0.229493995437073
621,7.0537037037037,1,FALSE,-0.070350462230978,dv_rating_beta,0.364084623064651,0.121482701484515
623,3.73636363636364,1,FALSE,-0.61490318981871,dv_rating_beta,0.24939193987097,-0.380714050071755
624,5.89259259259259,1,FALSE,-0.260950825700787,dv_rating_beta,0.303953534317175,-0.141809049965138
711,7.37037037037037,1,FALSE,-0.0183685449210296,dv_rating_beta,0.475796777780525,0.610628823499337
712,8.28214285714286,1,FALSE,0.131302029856527,dv_rating_beta,0.347595718461783,0.0492838994537169
713,4.30740740740741,1,FALSE,-0.521164400071053,dv_rating_beta,0.274502315346129,-0.270765022436854
721,2.65,1,FALSE,-0.793233499441833,dv_rating_beta,0.277814174866341,-0.256263617060779
722,1.67222222222222,1,FALSE,-0.953739068679567,dv_rating_beta,0.215704840444879,-0.528217373126529
811,2.11666666666667,1,FALSE,-0.880781991753325,dv_rating_beta,0.205124661896167,-0.574544053696687
812,3.87777777777778,1,FALSE,-0.591689574433087,dv_rating_beta,0.219214298446992,-0.512850757233445
221,10.05,1,FALSE,0.421501831380109,genaiexp_estz_core,0.245153214863085,0.277328042035925
311,4.47222222222222,1,FALSE,-0.494109484044238,genaiexp_estz_core,0.162065311945371,-0.14295047783429
312,7.63684210526316,1,FALSE,0.0253737025167659,genaiexp_estz_core,0.207185259945871,0.0852770293763694
321,3.73333333333333,1,FALSE,-0.615400624434117,genaiexp_estz_core,0.148745108197343,-0.210327259760479
323,5.5325,1,FALSE,-0.32006125740207,genaiexp_estz_core,0.200869699504789,0.0533314115292388
325,7.84,1,FALSE,0.0587227663643667,genaiexp_estz_core,0.2633066869909,0.369152653422965
326,5.6,1,FALSE,-0.308980901343897,genaiexp_estz_core,0.200746302716217,0.0527072410081817
332,1.86363636363636,1,FALSE,-0.922317782139742,genaiexp_estz_core,0.188383776207326,-0.00982537999392412
333,4.20434782608696,1,FALSE,-0.538081983126414,genaiexp_estz_core,0.225839338985764,0.179633830464399
334,7.712,1,FALSE,0.0377111282096086,genaiexp_estz_core,0.329410941862227,0.703523812386494
335,14.7,1,FALSE,1.18481524872092,genaiexp_estz_core,0.226389778279421,0.182418084290685
336,5,1,FALSE,-0.407472955194325,genaiexp_estz_core,0.225200340789071,0.176401624488857
337,6.36,1,FALSE,-0.184224299800021,genaiexp_estz_core,0.153977303369893,-0.183861563003523
339,5.41538461538462,1,FALSE,-0.33928614868249,genaiexp_estz_core,0.236659038544737,0.234362463110104
423,3.58888888888889,1,FALSE,-0.639111674435145,genaiexp_estz_core,0.264881099341995,0.377116408306021
424,3.14444444444444,1,FALSE,-0.712068751361388,genaiexp_estz_core,0.232716491359313,0.21442011485696
425,4.59807692307692,1,FALSE,-0.47345000408772,genaiexp_estz_core,0.340154477267851,0.7578671884965
441,3.79622641509434,1,FALSE,-0.605076509774742,genaiexp_estz_core,0.168444992349889,-0.110680525849693
444,2.17142857142857,1,FALSE,-0.871792637632055,genaiexp_estz_core,0.161683481879211,-0.144881865791051
445,1.3,1,FALSE,-1.0148406206053,genaiexp_estz_core,0.129006032453267,-0.310172234131083
484,1.48717948717949,1,FALSE,-0.984114467053667,genaiexp_estz_core,0.150582779588894,-0.201031877576938
485,5.0625,1,FALSE,-0.397213366251572,genaiexp_estz_core,0.0483141180657463,-0.718331269964099
488,3.56666666666667,1,FALSE,-0.642759528281458,genaiexp_estz_core,0.191506925791538,0.00597225887398529
492,8.86666666666667,1,FALSE,0.227253614063987,genaiexp_estz_core,0.185457684995935,-0.0246262503991668
512,17.9648148148148,1,FALSE,1.72074577630828,genaiexp_estz_core,0.187242593012289,-0.0155977580088768
517,10.8052631578947,1,FALSE,0.545480864077797,genaiexp_estz_core,0.307054080361092,0.590437450465117
518,25.6166666666667,1,FALSE,2.97682345072176,genaiexp_estz_core,0.510006499858492,1.61701941336434
519,24.1944444444445,1,FALSE,2.74336080455779,genaiexp_estz_core,0.440190014048309,1.26387090090395
522,7.04814814814815,1,FALSE,-0.0712624256925559,genaiexp_estz_core,0.371582583957243,0.916838081946798
523,12.6592592592593,1,FALSE,0.84982067050126,genaiexp_estz_core,0.357965548733757,0.847959855300317
524,6.75185185185185,1,FALSE,-0.119900476976718,genaiexp_estz_core,0.336365483668204,0.738701551069899
531,9.60555555555556,1,FALSE,0.348544754453866,genaiexp_estz_core,0.214264589468955,0.121085974230614
532,4.33333333333333,1,FALSE,-0.516908570583689,genaiexp_estz_core,0.229958687726283,0.200470483342846
541,15.3407407407407,1,FALSE,1.28999503462292,genaiexp_estz_core,0.403742763942475,1.07951197752386
551,17.4625,1,FALSE,1.6382890799906,genaiexp_estz_core,0.365782106159512,0.887497875517653
561,5.98333333333333,1,FALSE,-0.246055422495013,genaiexp_estz_core,0.165595391161099,-0.125094491394484
562,5.03333333333333,1,FALSE,-0.402001174424857,genaiexp_estz_core,0.144896270606926,-0.229795602430328
611,11.5462962962963,1,FALSE,0.667123990365126,genaiexp_estz_core,0.21557715452997,0.127725242784823
621,7.0537037037037,1,FALSE,-0.070350462230978,genaiexp_estz_core,0.193849309473606,0.0178205967462558
623,3.73636363636364,1,FALSE,-0.61490318981871,genaiexp_estz_core,0.12651293851477,-0.322782900588826
624,5.89259259259259,1,FALSE,-0.260950825700787,genaiexp_estz_core,0.167364933279762,-0.116143723396209
711,7.37037037037037,1,FALSE,-0.0183685449210296,genaiexp_estz_core,0.230414193646795,0.202774541422809
712,8.28214285714286,1,FALSE,0.131302029856527,genaiexp_estz_core,0.200361664378315,0.0507616481401191
713,4.30740740740741,1,FALSE,-0.521164400071053,genaiexp_estz_core,0.144181261413846,-0.233412290236964
721,2.65,1,FALSE,-0.793233499441833,genaiexp_estz_core,0.160034394260452,-0.153223346069289
722,1.67222222222222,1,FALSE,-0.953739068679567,genaiexp_estz_core,0.105997077276017,-0.42655704210044
811,2.11666666666667,1,FALSE,-0.880781991753325,genaiexp_estz_core,0.10806170547171,-0.416113658025293
812,3.87777777777778,1,FALSE,-0.591689574433087,genaiexp_estz_core,0.0975867438207178,-0.469098523737168
221,10.05,1,FALSE,0.421501831380109,genaiexp_estz_total,0.303846172184467,0.265411982791989
311,4.47222222222222,1,FALSE,-0.494109484044238,genaiexp_estz_total,0.210304355496871,-0.13589069559805
312,7.63684210526316,1,FALSE,0.0253737025167659,genaiexp_estz_total,0.264603494690967,0.0970574207041832
321,3.73333333333333,1,FALSE,-0.615400624434117,genaiexp_estz_total,0.191214262616246,-0.21778888482496
323,5.5325,1,FALSE,-0.32006125740207,genaiexp_estz_total,0.286234463323201,0.18985619194547
325,7.84,1,FALSE,0.0587227663643667,genaiexp_estz_total,0.327137167854656,0.365332417051174
326,5.6,1,FALSE,-0.308980901343897,genaiexp_estz_total,0.257117965100722,0.0649438357845581
332,1.86363636363636,1,FALSE,-0.922317782139742,genaiexp_estz_total,0.238673318966064,-0.0141853297363057
333,4.20434782608696,1,FALSE,-0.538081983126414,genaiexp_estz_total,0.282048010865681,0.171895940117494
334,7.712,1,FALSE,0.0377111282096086,genaiexp_estz_total,0.401149715492045,0.682852801549902
335,14.7,1,FALSE,1.18481524872092,genaiexp_estz_total,0.28953226275609,0.204004043591663
336,5,1,FALSE,-0.407472955194325,genaiexp_estz_total,0.276421176240918,0.147756321220457
337,6.36,1,FALSE,-0.184224299800021,genaiexp_estz_total,0.216883726354984,-0.107664611895827
339,5.41538461538462,1,FALSE,-0.33928614868249,genaiexp_estz_total,0.302392987109199,0.259177690113573
423,3.58888888888889,1,FALSE,-0.639111674435145,genaiexp_estz_total,0.381837381290066,0.600001177370942
424,3.14444444444444,1,FALSE,-0.712068751361388,genaiexp_estz_total,0.339738318812246,0.419392470716445
425,4.59807692307692,1,FALSE,-0.47345000408772,genaiexp_estz_total,0.483606995253981,1.03660183479494
441,3.79622641509434,1,FALSE,-0.605076509774742,genaiexp_estz_total,0.24890755692408,0.0297204575283299
444,2.17142857142857,1,FALSE,-0.871792637632055,genaiexp_estz_total,0.250167905967775,0.0351274665522205
445,1.3,1,FALSE,-1.0148406206053,genaiexp_estz_total,0.191004116343193,-0.218690430948566
484,1.48717948717949,1,FALSE,-0.984114467053667,genaiexp_estz_total,0.18250496996092,-0.25515252167988
485,5.0625,1,FALSE,-0.397213366251572,genaiexp_estz_total,0.0635860289203721,-0.765325311142153
488,3.56666666666667,1,FALSE,-0.642759528281458,genaiexp_estz_total,0.247546021784146,0.0238793511897355
492,8.86666666666667,1,FALSE,0.227253614063987,genaiexp_estz_total,0.211619216465746,-0.130249825587128
512,17.9648148148148,1,FALSE,1.72074577630828,genaiexp_estz_total,0.257102665135079,0.0648781975768654
517,10.8052631578947,1,FALSE,0.545480864077797,genaiexp_estz_total,0.38604604062864,0.618056698685454
518,25.6166666666667,1,FALSE,2.97682345072176,genaiexp_estz_total,0.593389521626614,1.507578596139
519,24.1944444444445,1,FALSE,2.74336080455779,genaiexp_estz_total,0.501889465008732,1.11503524928239
522,7.04814814814815,1,FALSE,-0.0712624256925559,genaiexp_estz_total,0.486988057395661,1.05110689083625
523,12.6592592592593,1,FALSE,0.84982067050126,genaiexp_estz_total,0.457513284107073,0.924657502910069
524,6.75185185185185,1,FALSE,-0.119900476976718,genaiexp_estz_total,0.429227927413889,0.803310817522276
531,9.60555555555556,1,FALSE,0.348544754453866,genaiexp_estz_total,0.323691976418181,0.350552240655402
532,4.33333333333333,1,FALSE,-0.516908570583689,genaiexp_estz_total,0.320129133320207,0.33526732821164
541,15.3407407407407,1,FALSE,1.28999503462292,genaiexp_estz_total,0.474840007003696,0.998990678727673
551,17.4625,1,FALSE,1.6382890799906,genaiexp_estz_total,0.463583077575615,0.950697454478843
561,5.98333333333333,1,FALSE,-0.246055422495013,genaiexp_estz_total,0.21178055204989,-0.129557681642004
562,5.03333333333333,1,FALSE,-0.402001174424857,genaiexp_estz_total,0.200256599127865,-0.17899646032955
611,11.5462962962963,1,FALSE,0.667123990365126,genaiexp_estz_total,0.262080696684212,0.0862343938163388
621,7.0537037037037,1,FALSE,-0.070350462230978,genaiexp_estz_total,0.242655202510042,0.00289730333434142
623,3.73636363636364,1,FALSE,-0.61490318981871,genaiexp_estz_total,0.159977304111863,-0.351798203399907
624,5.89259259259259,1,FALSE,-0.260950825700787,genaiexp_estz_total,0.217677049306017,-0.104261186172966
711,7.37037037037037,1,FALSE,-0.0183685449210296,genaiexp_estz_total,0.301252311215906,0.254284089504104
712,8.28214285714286,1,FALSE,0.131302029856527,genaiexp_estz_total,0.256712178833288,0.0632029767576362
713,4.30740740740741,1,FALSE,-0.521164400071053,genaiexp_estz_total,0.191595823741056,-0.216151953805464
721,2.65,1,FALSE,-0.793233499441833,genaiexp_estz_total,0.20570056989929,-0.155641343559196
722,1.67222222222222,1,FALSE,-0.953739068679567,genaiexp_estz_total,0.144392047542452,-0.418660334435792
811,2.11666666666667,1,FALSE,-0.880781991753325,genaiexp_estz_total,0.162396190108245,-0.341420968239827
812,3.87777777777778,1,FALSE,-0.591689574433087,genaiexp_estz_total,0.12319782673762,-0.509585418815695
221,10.05,1,FALSE,0.421501831380109,human_rating_beta,0.311120237252707,0.102566812876695
311,4.47222222222222,1,FALSE,-0.494109484044238,human_rating_beta,0.217844648537889,-0.346705131405191
312,7.63684210526316,1,FALSE,0.0253737025167659,human_rating_beta,0.298688503594508,0.0426880254214932
321,3.73333333333333,1,FALSE,-0.615400624434117,human_rating_beta,0.189740085884486,-0.482073791956791
323,5.5325,1,FALSE,-0.32006125740207,human_rating_beta,0.296000363776654,0.0297403097425112
325,7.84,1,FALSE,0.0587227663643667,human_rating_beta,0.338346495191251,0.233705023936058
326,5.6,1,FALSE,-0.308980901343897,human_rating_beta,0.226921969307232,-0.302983235814894
332,1.86363636363636,1,FALSE,-0.922317782139742,human_rating_beta,0.233031090269391,-0.273557995081073
333,4.20434782608696,1,FALSE,-0.538081983126414,human_rating_beta,0.288616229402774,-0.00582617075577246
334,7.712,1,FALSE,0.0377111282096086,human_rating_beta,0.391077770732449,0.487690906129631
335,14.7,1,FALSE,1.18481524872092,human_rating_beta,0.287280316627114,-0.0122607388821338
336,5,1,FALSE,-0.407472955194325,human_rating_beta,0.281814928496426,-0.0385853709274639
337,6.36,1,FALSE,-0.184224299800021,human_rating_beta,0.201694149709132,-0.424495752830298
339,5.41538461538462,1,FALSE,-0.33928614868249,human_rating_beta,0.313422253394929,0.113654722181096
423,3.58888888888889,1,FALSE,-0.639111674435145,human_rating_beta,0.413977450731588,0.59798968739063
424,3.14444444444444,1,FALSE,-0.712068751361388,human_rating_beta,0.368683487514726,0.37982642303549
425,4.59807692307692,1,FALSE,-0.47345000408772,human_rating_beta,0.502334530946081,1.02357110441502
441,3.79622641509434,1,FALSE,-0.605076509774742,human_rating_beta,0.307237359315248,0.0838645120452873
444,2.17142857142857,1,FALSE,-0.871792637632055,human_rating_beta,0.342119875988625,0.251879919969526
445,1.3,1,FALSE,-1.0148406206053,human_rating_beta,0.293228971543408,0.0163915998157908
484,1.48717948717949,1,FALSE,-0.984114467053667,human_rating_beta,0.226611549438006,-0.304478406631959
485,5.0625,1,FALSE,-0.397213366251572,human_rating_beta,0.221832711191858,-0.327496197029612
488,3.56666666666667,1,FALSE,-0.642759528281458,human_rating_beta,0.297935034389674,0.0390588596421439
492,8.86666666666667,1,FALSE,0.227253614063987,human_rating_beta,0.192069911673521,-0.470851934485828
512,17.9648148148148,1,FALSE,1.72074577630828,human_rating_beta,0.378626455465309,0.42771780174068
517,10.8052631578947,1,FALSE,0.545480864077797,human_rating_beta,0.429786277706631,0.674134609441014
518,25.6166666666667,1,FALSE,2.97682345072176,human_rating_beta,0.526898184341841,1.14188459320489
519,24.1944444444445,1,FALSE,2.74336080455779,human_rating_beta,0.487133791730442,0.950355102714808
522,7.04814814814815,1,FALSE,-0.0712624256925559,human_rating_beta,0.509022725911628,1.05578551761046
523,12.6592592592593,1,FALSE,0.84982067050126,human_rating_beta,0.538748134573579,1.1989611579697
524,6.75185185185185,1,FALSE,-0.119900476976718,human_rating_beta,0.500121175186277,1.01291023741546
531,9.60555555555556,1,FALSE,0.348544754453866,human_rating_beta,0.393251267279064,0.498159786925158
532,4.33333333333333,1,FALSE,-0.516908570583689,human_rating_beta,0.393769753417049,0.500657131391219
541,15.3407407407407,1,FALSE,1.28999503462292,human_rating_beta,0.477258093037887,0.902787733654168
551,17.4625,1,FALSE,1.6382890799906,human_rating_beta,0.482600955148824,0.928522205895875
561,5.98333333333333,1,FALSE,-0.246055422495013,human_rating_beta,0.24978504719502,-0.192860752575255
562,5.03333333333333,1,FALSE,-0.402001174424857,human_rating_beta,0.2591145261565,-0.147924309826274
611,11.5462962962963,1,FALSE,0.667123990365126,human_rating_beta,0.359369971814659,0.334966869058703
621,7.0537037037037,1,FALSE,-0.070350462230978,human_rating_beta,0.31845109102656,0.137876661612094
623,3.73636363636364,1,FALSE,-0.61490318981871,human_rating_beta,0.245698081176153,-0.21254606568675
624,5.89259259259259,1,FALSE,-0.260950825700787,human_rating_beta,0.358898366168663,0.332695329544127
711,7.37037037037037,1,FALSE,-0.0183685449210296,human_rating_beta,0.369550733367545,0.384003606324652
712,8.28214285714286,1,FALSE,0.131302029856527,human_rating_beta,0.3375391444873,0.22981633209847
713,4.30740740740741,1,FALSE,-0.521164400071053,human_rating_beta,0.287595899326698,-0.0107407007352036
721,2.65,1,FALSE,-0.793233499441833,human_rating_beta,0.262681787071637,-0.130742212460966
722,1.67222222222222,1,FALSE,-0.953739068679567,human_rating_beta,0.2211759611881,-0.330659504333924
811,2.11666666666667,1,FALSE,-0.880781991753325,human_rating_beta,0.159524323931328,-0.627611271887996
812,3.87777777777778,1,FALSE,-0.591689574433087,human_rating_beta,0.186692027864728,-0.496755092516655
221,10.05,1,FALSE,0.421501831380109,pca_score,0.404353978148323,0.182182475295578
311,4.47222222222222,1,FALSE,-0.494109484044238,pca_score,-0.643072065169815,-0.28973737605495
312,7.63684210526316,1,FALSE,0.0253737025167659,pca_score,0.100963317558455,0.0454892200914757
321,3.73333333333333,1,FALSE,-0.615400624434117,pca_score,-0.891947633975318,-0.401868750088198
323,5.5325,1,FALSE,-0.32006125740207,pca_score,0.278537153696903,0.125495459089245
325,7.84,1,FALSE,0.0587227663643667,pca_score,0.656261892639759,0.295680078605325
326,5.6,1,FALSE,-0.308980901343897,pca_score,-0.352814405937333,-0.158961220285125
332,1.86363636363636,1,FALSE,-0.922317782139742,pca_score,-0.383686685115099,-0.172870786018538
333,4.20434782608696,1,FALSE,-0.538081983126414,pca_score,0.136861327928412,0.061663138837951
334,7.712,1,FALSE,0.0377111282096086,pca_score,1.39138024924804,0.626889091202172
335,14.7,1,FALSE,1.18481524872092,pca_score,0.159421450509578,0.0718276461679636
336,5,1,FALSE,-0.407472955194325,pca_score,0.0838147724334731,0.0377629095630283
337,6.36,1,FALSE,-0.184224299800021,pca_score,-0.770078909668662,-0.34696055811993
339,5.41538461538462,1,FALSE,-0.33928614868249,pca_score,0.384395052702903,0.173189942419957
423,3.58888888888889,1,FALSE,-0.639111674435145,pca_score,1.17195444157314,0.528026364615417
424,3.14444444444444,1,FALSE,-0.712068751361388,pca_score,0.705229069273888,0.317742335760042
425,4.59807692307692,1,FALSE,-0.47345000408772,pca_score,2.16400878319667,0.974998387525508
441,3.79622641509434,1,FALSE,-0.605076509774742,pca_score,0.0833607673480664,0.0375583566842976
444,2.17142857142857,1,FALSE,-0.871792637632055,pca_score,0.248085542891604,0.111775426313379
445,1.3,1,FALSE,-1.0148406206053,pca_score,-0.345051667822551,-0.155463703452723
484,1.48717948717949,1,FALSE,-0.984114467053667,pca_score,-0.724077751531783,-0.326234646397193
485,5.0625,1,FALSE,-0.397213366251572,pca_score,-0.801854754469303,-0.361277227111042
488,3.56666666666667,1,FALSE,-0.642759528281458,pca_score,0.0224356700244158,0.0101084349872863
492,8.86666666666667,1,FALSE,0.227253614063987,pca_score,-0.736259766041326,-0.331723276848161
512,17.9648148148148,1,FALSE,1.72074577630828,pca_score,0.717468708878125,0.323256929310072
517,10.8052631578947,1,FALSE,0.545480864077797,pca_score,1.55278609129465,0.699610808856283
518,25.6166666666667,1,FALSE,2.97682345072176,pca_score,3.15277335370442,1.42048819762847
519,24.1944444444445,1,FALSE,2.74336080455779,pca_score,2.49425624569199,1.12379202732843
522,7.04814814814815,1,FALSE,-0.0712624256925559,pca_score,2.40916703898004,1.08545491890995
523,12.6592592592593,1,FALSE,0.84982067050126,pca_score,2.40428849790265,1.08325688269083
524,6.75185185185185,1,FALSE,-0.119900476976718,pca_score,2.23477241313278,1.00688107932366
531,9.60555555555556,1,FALSE,0.348544754453866,pca_score,1.04324909359296,0.470037918486645
532,4.33333333333333,1,FALSE,-0.516908570583689,pca_score,0.862647262841607,0.388667410596836
541,15.3407407407407,1,FALSE,1.28999503462292,pca_score,2.27990278283892,1.02721465561669
551,17.4625,1,FALSE,1.6382890799906,pca_score,2.13937035308311,0.96389749467405
561,5.98333333333333,1,FALSE,-0.246055422495013,pca_score,-0.566775972360964,-0.255362022294491
562,5.03333333333333,1,FALSE,-0.402001174424857,pca_score,-0.547071580306865,-0.246484169935899
611,11.5462962962963,1,FALSE,0.667123990365126,pca_score,0.799601674405205,0.360262097483788
621,7.0537037037037,1,FALSE,-0.070350462230978,pca_score,0.148540850131514,0.0669253703979687
623,3.73636363636364,1,FALSE,-0.61490318981871,pca_score,-0.822029232867429,-0.370366877790872
624,5.89259259259259,1,FALSE,-0.260950825700787,pca_score,0.233088785108346,0.105018607778111
711,7.37037037037037,1,FALSE,-0.0183685449210296,pca_score,0.978363404540637,0.440803544444023
712,8.28214285714286,1,FALSE,0.131302029856527,pca_score,0.324546843615769,0.146225214823035
713,4.30740740740741,1,FALSE,-0.521164400071053,pca_score,-0.285868587205379,-0.128798650788151
721,2.65,1,FALSE,-0.793233499441833,pca_score,-0.428827969710091,-0.193209280036077
722,1.67222222222222,1,FALSE,-0.953739068679567,pca_score,-0.847444729319378,-0.38181787940012
811,2.11666666666667,1,FALSE,-0.880781991753325,pca_score,-1.20618114065621,-0.543447270794468
812,3.87777777777778,1,FALSE,-0.591689574433087,pca_score,-1.06657743470377,-0.480548548176921
