ind,naics3,ambiguous,assignment,desc,naics_raw,note
170,111,FALSE,auto,Crop production,111,""
180,112,FALSE,auto,Animal production and aquaculture,112,""
190,113,FALSE,auto,Forestry except logging,"1131, 1132",""
270,113,FALSE,auto,Logging,1133,""
280,114,FALSE,auto,"Fishing, hunting and trapping",114,""
290,115,FALSE,auto,Support activities for agriculture and forestry,115,""
370,211,FALSE,auto,Oil and gas extraction,211,""
380,212,FALSE,auto,Coal mining,2121,""
390,212,FALSE,auto,Metal ore mining,2122,""
470,212,FALSE,auto,Nonmetallic mineral mining and quarrying,2123,""
480,,TRUE,auto,Not specified type of mining,Part of 21,""
490,213,FALSE,auto,Support activities for mining,213,""
570,221,FALSE,auto,"Electric power generation, transmission and distribution",2211,""
580,221,FALSE,auto,Natural gas distribution,2212,""
590,221,FALSE,auto,"Electric and gas, and other combinations","Pts. 2211, 2212",""
670,221,FALSE,auto,"Water, steam, air-conditioning, and irrigation systems","22131, 22133",""
680,221,FALSE,auto,Sewage treatment facilities,22132,""
690,,TRUE,auto,Not specified utilities,Part of 22,""
770,,TRUE,auto,Construction (the cleaning of buildings and dwellings is incidental during construction and immediately after construction),23,""
1070,311,FALSE,auto,"Animal food, grain and oilseed milling","3111, 3112",""
1080,311,FALSE,auto,Sugar and confectionery products,3113,""
1090,311,FALSE,auto,Fruit and vegetable preserving and specialty food manufacturing,3114,""
1170,311,FALSE,auto,Dairy product manufacturing,3115,""
1180,311,FALSE,auto,Animal slaughtering and processing,3116,""
1190,311,FALSE,auto,Retail bakeries,311811,""
1270,311,FALSE,auto,"Bakeries and tortilla manufacturing, except retail bakeries",3118 exc. 311811,""
1280,311,FALSE,auto,"Seafood and other miscellaneous foods, n.e.c.","3117, 3119",""
1290,311,FALSE,auto,Not specified food industries,Part of 311,""
1370,312,FALSE,auto,Beverage manufacturing,3121,""
1390,312,FALSE,auto,Tobacco manufacturing,3122,""
1470,313,FALSE,auto,"Fiber, yarn, and thread mills",3131,""
1480,313,FALSE,auto,"Fabric mills, except knitting mills",3132 exc. 31324,""
1490,313,FALSE,auto,Textile and fabric finishing and fabric coating mills,3133,""
1570,314,FALSE,auto,Carpet and rug mills,31411,""
1590,314,FALSE,auto,"Textile product mills, except carpet and rug",314 exc. 31411,""
1670,,TRUE,auto,"Knitting fabric mills, and apparel knitting mills","31324, 3151",""
1691,315,FALSE,auto,"Cut and sew, and apparel accessories and other apparel manufacturing","3152, 3159",""
1770,316,FALSE,auto,Footwear manufacturing,3162,""
1790,316,FALSE,auto,"Leather and hide tanning and finishing, and other leather and allied product manufacturing","3161, 3169",""
1870,322,FALSE,auto,"Pulp, paper, and paperboard mills",3221,""
1880,322,FALSE,auto,Paperboard container manufacturing,32221,""
1890,322,FALSE,auto,Miscellaneous paper and pulp products,"32222,32223, 32229",""
1990,323,FALSE,auto,Printing and related support activities,3231,""
2070,324,FALSE,auto,Petroleum refining,32411,""
2090,324,FALSE,auto,Miscellaneous petroleum and coal products,"32412, 32419",""
2170,325,FALSE,auto,"Resin, synthetic rubber, and fibers and filaments manufacturing",3252,""
2180,325,FALSE,auto,Agricultural chemical manufacturing,3253,""
2190,325,FALSE,auto,Pharmaceutical and medicine manufacturing,3254,""
2270,325,FALSE,auto,"Paint, coating, and adhesive manufacturing",3255,""
2280,325,FALSE,auto,"Soap, cleaning compound, and cosmetics manufacturing",3256,""
2290,325,FALSE,auto,Industrial and miscellaneous chemicals,"3251, 3259",""
2370,326,FALSE,auto,Plastics product manufacturing,3261,""
2380,326,FALSE,auto,Tire manufacturing,32621,""
2390,326,FALSE,auto,"Rubber products, except tires, manufacturing","32622, 32629",""
2470,327,FALSE,auto,"Pottery, ceramics, and plumbing fixture manufacturing",32711,""
2480,327,FALSE,auto,Clay building material and refractories manufacturing,327120,""
2490,327,FALSE,auto,Glass and glass product manufacturing,3272,""
2570,327,FALSE,auto,"Cement, concrete, lime, and gypsum product manufacturing","3273, 3274",""
2590,327,FALSE,auto,Miscellaneous nonmetallic mineral product manufacturing,3279,""
2670,331,FALSE,auto,Iron and steel mills and steel product manufacturing,"3311, 3312",""
2680,331,FALSE,auto,Aluminum production and processing,3313,""
2690,331,FALSE,auto,Nonferrous metal (except aluminum) production and processing,3314,""
2770,331,FALSE,auto,Foundries,3315,""
2780,332,FALSE,auto,Metal forgings and stampings,3321,""
2790,332,FALSE,auto,Cutlery and hand tool manufacturing,3322,""
2870,332,FALSE,auto,"Structural metals, and boiler, tank, and shipping container manufacturing","3323, 3324",""
2880,332,FALSE,auto,"Machine shops; turned product; screw, nut, and bolt manufacturing",3327,""
2890,332,FALSE,auto,"Coating, engraving, heat treating, and allied activities",3328,""
2970,332,FALSE,auto,Ordnance,"332992, 332993, 332994",""
2980,332,FALSE,auto,Miscellaneous fabricated metal products manufacturing,"3325, 3326, 3329 exc. 332992, 332993, 332994",""
2990,331,FALSE,auto,Not specified metal industries,Part of 331 and 332,""
3070,333,FALSE,auto,Agricultural implement manufacturing,33311,""
3080,333,FALSE,auto,"Construction, and mining and oil and gas field machinery manufacturing","33312, 33313",""
3095,333,FALSE,auto,Commercial and service industry machinery manufacturing,3333,""
3170,333,FALSE,auto,Metalworking machinery manufacturing,3335,""
3180,333,FALSE,auto,"Engine, turbine, and power transmission equipment manufacturing",3336,""
3291,333,FALSE,auto,"Machinery manufacturing, n.e.c. or not specified","3332, 3334, 3339, Part of 333",""
3365,334,FALSE,auto,Computer and peripheral equipment manufacturing,3341,""
3370,334,FALSE,auto,"Communications, audio, and video equipment manufacturing","3342, 3343",""
3380,334,FALSE,auto,"Navigational, measuring, electromedical, and control instruments manufacturing",3345,""
3390,334,FALSE,auto,"Electronic component and product manufacturing, n.e.c.","3344, 3346",""
3470,335,FALSE,auto,Household appliance manufacturing,3352,""
3490,335,FALSE,auto,"Electric lighting and electrical equipment manufacturing, and other electrical component manufacturing, n.e.c.","3351, 3353, 3359",""
3570,336,FALSE,auto,Motor vehicles and motor vehicle equipment manufacturing,"3361, 3362, 3363",""
3580,336,FALSE,auto,Aircraft and parts manufacturing,"336411, 336412, 336413",""
3590,336,FALSE,auto,Aerospace products and parts manufacturing,"336414, 336415, 336419",""
3670,336,FALSE,auto,Railroad rolling stock manufacturing,3365,""
3680,336,FALSE,auto,Ship and boat building,3366,""
3690,336,FALSE,auto,Other transportation equipment manufacturing,3369,""
3770,321,FALSE,auto,Sawmills and wood preservation,3211,""
3780,321,FALSE,auto,"Veneer, plywood, and engineered wood products",3212,""
3790,321,FALSE,auto,Prefabricated wood buildings and mobile homes manufacturing,"321991, 321992",""
3875,321,FALSE,auto,Miscellaneous wood products,"3219 exc. 321991, 321992",""
3895,337,FALSE,auto,Furniture and related product manufacturing,337,""
3960,339,FALSE,auto,Medical equipment and supplies manufacturing,3391,""
3970,339,FALSE,auto,"Sporting and athletic goods, and doll, toy and game manufacturing","33992, 33993",""
3980,339,FALSE,auto,"Miscellaneous manufacturing, n.e.c.","3399 exc. 33992, 33993",""
3990,,TRUE,auto,Not specified manufacturing industries,"Part of 31, 32, 33",""
4070,423,FALSE,auto,Motor vehicle and motor vehicle parts and supplies merchant wholesalers,4231,""
4080,423,FALSE,auto,Furniture and home furnishing merchant wholesalers,4232,""
4090,423,FALSE,auto,Lumber and other construction materials merchant wholesalers,4233,""
4170,423,FALSE,auto,Professional and commercial equipment and supplies merchant wholesalers,4234,""
4180,423,FALSE,auto,"Metals and minerals, except petroleum, merchant wholesalers",4235,""
4195,423,FALSE,auto,Household appliances and electrical and electronic goods merchant wholesalers,4236,""
4265,423,FALSE,auto,"Hardware, and plumbing and heating equipment, and supplies merchant wholesalers",4237,""
4270,423,FALSE,auto,"Machinery, equipment, and supplies merchant wholesalers",4238,""
4280,423,FALSE,auto,Recyclable material merchant wholesalers,42393,""
4290,423,FALSE,auto,Miscellaneous durable goods merchant wholesalers,4239 exc. 42393,""
4370,424,FALSE,auto,Paper and paper products merchant wholesalers,4241,""
4380,424,FALSE,auto,"Drugs, sundries, and chemical and allied products merchant  wholesalers","4242, 4246",""
4390,424,FALSE,auto,"Apparel, piece goods, and notions merchant wholesalers",4243,""
4470,424,FALSE,auto,Grocery and related product merchant wholesalers,4244,""
4480,424,FALSE,auto,Farm product raw material merchant wholesalers,4245,""
4490,424,FALSE,auto,Petroleum and petroleum products merchant wholesalers,4247,""
4560,424,FALSE,auto,Alcoholic beverages merchant wholesalers,4248,""
4570,424,FALSE,auto,Farm supplies merchant wholesalers,42491,""
4580,424,FALSE,auto,Miscellaneous nondurable goods merchant wholesalers,4249 exc. 42491,""
4585,425,FALSE,auto,Wholesale electronic markets and agents and brokers,4251,""
4590,,TRUE,auto,Not specified wholesale trade,Part of 42,""
4670,441,FALSE,auto,Automobile dealers,4411,""
4680,441,FALSE,auto,Other motor vehicle dealers,4412,""
4690,441,FALSE,auto,"Automotive parts, accessories, and tire stores",4413,""
4770,442,FALSE,auto,Furniture and home furnishings stores,442,""
4780,443,FALSE,auto,Household appliance stores,443141,""
4795,443,FALSE,auto,Electronics Stores,443142,""
4870,444,FALSE,auto,Building material and supplies dealers,4441 exc. 44413,""
4880,444,FALSE,auto,Hardware stores,44413,""
4890,444,FALSE,auto,Lawn and garden equipment and supplies stores,4442,""
4971,445,FALSE,auto,Supermarkets and other grocery (except convenience) stores,44511,""
4972,445,FALSE,auto,Convenience Stores,44512,""
4980,445,FALSE,auto,Specialty food stores,4452,""
4990,445,FALSE,auto,"Beer, wine, and liquor stores",4453,""
5070,446,FALSE,auto,Pharmacies and drug stores,44611,""
5080,446,FALSE,auto,"Health and personal care, except drug, stores",446 exc. 44611,""
5090,447,FALSE,auto,Gasoline stations,447,""
5170,448,FALSE,auto,Clothing stores,4481,""
5180,448,FALSE,auto,Shoe stores,44821,""
5190,448,FALSE,auto,"Jewelry, luggage, and leather goods stores",4483,""
5275,451,FALSE,auto,"Sporting goods, and hobby and toy stores","45111, 45112",""
5280,451,FALSE,auto,"Sewing, needlework, and piece goods stores",45113,""
5295,451,FALSE,auto,Musical instrument and supplies stores,45114,""
5370,451,FALSE,auto,Book stores and news dealers,45121,""
5381,452,FALSE,auto,Department stores,45221,""
5391,452,FALSE,auto,"General merchandise stores, including warehouse clubs and supercenters",4523,""
5470,453,FALSE,auto,Florists,4531,""
5480,453,FALSE,auto,Office supplies and stationery stores,45321,""
5490,453,FALSE,auto,Used merchandise stores,4533,""
5570,453,FALSE,auto,"Gift, novelty, and souvenir shops",45322,""
5580,453,FALSE,auto,Miscellaneous retail stores,4539,""
5593,454,FALSE,auto,Electronic shopping and mail-order houses,454110,""
5670,454,FALSE,auto,Vending machine operators,4542,""
5680,454,FALSE,auto,Fuel dealers,454310,""
5690,454,FALSE,auto,Other direct selling establishments,45439,""
5790,,TRUE,auto,Not specified retail trade,"Part of 44, 45",""
6070,481,FALSE,auto,Air transportation,481,""
6080,482,FALSE,auto,Rail transportation,482,""
6090,483,FALSE,auto,Water transportation,483,""
6170,484,FALSE,auto,Truck transportation,484,""
6180,485,FALSE,auto,Bus service and urban transit,"4851, 4852, 4854, 4855, 4859",""
6190,485,FALSE,auto,Taxi and limousine service,4853,""
6270,486,FALSE,auto,Pipeline transportation,486,""
6280,487,FALSE,auto,Scenic and sightseeing transportation,487,""
6290,488,FALSE,auto,Services incidental to transportation,488,""
6370,491,FALSE,auto,Postal Service,491,""
6380,492,FALSE,auto,Couriers and messengers,492,""
6390,493,FALSE,auto,Warehousing and storage,493,""
6470,511,FALSE,auto,Newspaper publishers,51111,""
6480,511,FALSE,auto,"Periodical, book, and directory publishers",5111 exc. 51111,""
6490,511,FALSE,auto,Software publishers,5112,""
6570,512,FALSE,auto,Motion pictures and video industries,5121,""
6590,512,FALSE,auto,Sound recording industries,5122,""
6670,515,FALSE,auto,Broadcasting (except internet),515,""
6672,519,FALSE,auto,Internet publishing and broadcasting and web search portals,51913,""
6680,517,FALSE,auto,Wired telecommunications carriers,517311,""
6690,517,FALSE,auto,"Telecommunications, except wired telecommunications carriers",517 exc. 517311,""
6695,518,FALSE,auto,"Data processing, hosting, and related services",5182,""
6770,519,FALSE,auto,Libraries and archives,51912,""
6780,519,FALSE,auto,"Other information services, except libraries and archives, and internet publishing and broadcasting and web search portals","5191 exc. 51912, 51913",""
6870,522,FALSE,manual-dominant,Banking and related activities,"521, 52211,52219",521 is the central bank and negligible in employment; 5221 and 5219 both sit inside 522
6880,522,FALSE,auto,"Savings institutions, including credit unions","52212, 52213",""
6890,522,FALSE,auto,Nondepository credit and related activities,"5222, 5223",""
6970,523,FALSE,manual-dominant,"Securities, commodities, funds, trusts, and other financial investments","523, 525",525 (funds and trusts) has very little employment next to 523
6991,524,FALSE,auto,Insurance carriers,5241,""
6992,524,FALSE,auto,"Agencies, brokerages, and other insurance related activities",5242,""
7071,531,FALSE,auto,"Lessors of real estate, and offices of real estate agents and brokers","5311, 5312",""
7072,531,FALSE,auto,"Real estate property managers, offices of real estate appraisers, and other activities related to real estate",5313,""
7080,532,FALSE,auto,Automotive equipment rental and leasing,5321,""
7181,532,FALSE,auto,Other consumer goods rental,"53221, 532281, 532282, 532283, 532284, 532289, 5323",""
7190,532,FALSE,manual-dominant,"Commercial, industrial, and other intangible assets rental and leasing","5324, 533",5324 sits inside 532; 533 (lessors of intangibles) is tiny
7270,541,FALSE,auto,Legal services,5411,""
7280,541,FALSE,auto,"Accounting, tax preparation, bookkeeping, and payroll services",5412,""
7290,541,FALSE,auto,"Architectural, engineering, and related services",5413,""
7370,541,FALSE,auto,Specialized design services,5414,""
7380,541,FALSE,auto,Computer systems design and related services,5415,""
7390,541,FALSE,auto,"Management, scientific, and technical consulting services",5416,""
7460,541,FALSE,auto,Scientific research and development services,5417,""
7470,541,FALSE,auto,"Advertising, public relations, and related services",5418,""
7480,541,FALSE,auto,Veterinary services,54194,""
7490,541,FALSE,auto,"Other professional, scientific, and technical services",5419 exc. 54194,""
7570,551,FALSE,auto,Management of companies and enterprises,55,""
7580,561,FALSE,auto,Employment services,5613,""
7590,561,FALSE,auto,Business support services,5614,""
7670,561,FALSE,auto,Travel arrangements and reservation services,5615,""
7680,561,FALSE,auto,Investigation and security services,5616,""
7690,561,FALSE,auto,Services to buildings and dwellings (except cleaning during construction and immediately after construction),5617 exc. 56173,""
7770,561,FALSE,auto,Landscaping services,56173,""
7780,561,FALSE,auto,Other administrative and other support services,"5611, 5612, 5619",""
7790,562,FALSE,auto,Waste management and remediation services,562,""
7860,611,FALSE,auto,Elementary and secondary schools,6111,""
7870,611,FALSE,auto,"Colleges, universities, and professional schools, including junior colleges","6112, 6113",""
7880,611,FALSE,auto,"Business, technical, and trade schools and training","6114, 6115",""
7890,611,FALSE,auto,"Other schools and instruction, and educational support services","6116, 6117",""
7970,621,FALSE,auto,Offices of physicians,6211,""
7980,621,FALSE,auto,Offices of dentists,6212,""
7990,621,FALSE,auto,Offices of chiropractors,62131,""
8070,621,FALSE,auto,Offices of optometrists,62132,""
8080,621,FALSE,auto,Offices of other health practitioners,"6213 exc. 62131, 62132",""
8090,621,FALSE,auto,Outpatient care centers,6214,""
8170,621,FALSE,auto,Home health care services,6216,""
8180,621,FALSE,auto,Other health care services,"6215, 6219",""
8191,622,FALSE,auto,"General medical and surgical hospitals, and specialty (except psychiatric and substance abuse) hospitals","6221, 6223",""
8192,622,FALSE,auto,Psychiatric and substance abuse hospitals,6222,""
8270,623,FALSE,auto,Nursing care facilities (skilled nursing facilities),6231,""
8290,623,FALSE,auto,"Residential care facilities, except skilled nursing facilities","6232, 6233, 6239",""
8370,624,FALSE,auto,Individual and family services,6241,""
8380,624,FALSE,auto,"Community food and housing, and emergency services",6242,""
8390,624,FALSE,auto,Vocational rehabilitation services,6243,""
8470,624,FALSE,auto,Child day care services,6244,""
8561,711,FALSE,auto,Performing arts companies,7111,""
8562,711,FALSE,auto,Spectator sports,7112,""
8563,711,FALSE,auto,"Promoters of performing arts, sports, and similar events, agents and managers for artists, athletes, entertainers, and other public figures","7113, 7114",""
8564,711,FALSE,auto,"Independent artists, writers, and performers",7115,""
8570,712,FALSE,auto,"Museums, art galleries, historical sites, and similar institutions",712,""
8580,713,FALSE,auto,Bowling centers,71395,""
8590,713,FALSE,auto,"Other amusement, gambling, and recreation industries",713 exc. 71395,""
8660,721,FALSE,auto,Traveler accommodation,7211,""
8670,721,FALSE,auto,"Recreational vehicle parks and camps, and rooming and boarding houses, dormitories, and workers' camps","7212, 7213",""
8680,722,FALSE,auto,Restaurants and other food services,722 exc. 7224,""
8690,722,FALSE,auto,"Drinking places, alcoholic beverages",7224,""
8770,811,FALSE,auto,Automotive repair and maintenance,8111 exc. 811192,""
8780,811,FALSE,auto,Car washes,811192,""
8790,811,FALSE,auto,Electronic and precision equipment repair and maintenance,8112,""
8870,811,FALSE,auto,Commercial and industrial machinery and equipment repair and maintenance,8113,""
8891,811,FALSE,auto,Personal and household goods repair and maintenance,8114,""
8970,812,FALSE,auto,Barber shops,812111,""
8980,812,FALSE,auto,Beauty salons,812112,""
8990,812,FALSE,auto,Nail salons and other personal care services,"812113, 81219",""
9070,812,FALSE,auto,Drycleaning and laundry services,8123,""
9080,812,FALSE,auto,"Funeral homes, and cemeteries and crematories",8122,""
9090,812,FALSE,auto,Other personal services,8129,""
9160,813,FALSE,auto,Religious organizations,8131,""
9170,813,FALSE,auto,"Civic, social, advocacy organizations, and grantmaking and giving services","8132, 8133, 8134",""
9180,813,FALSE,auto,Labor unions,81393,""
9190,813,FALSE,auto,"Business, professional, political, and similar organizations",8139 exc. 81393,""
9290,814,FALSE,auto,Private households,814,""
9370,921,FALSE,auto,Executive offices and legislative bodies,"92111, 92112, 92114, pt. 92115",""
9380,921,FALSE,auto,Public finance activities,92113,""
9390,921,FALSE,auto,Other general government and support,92119,""
9470,,TRUE,auto,"Justice, public order, and safety activities","922, pt. 92115",""
9480,923,FALSE,auto,Administration of human resource programs,923,""
9490,,TRUE,auto,Administration of environmental quality and housing programs,"924, 925",""
9570,,TRUE,auto,Administration of economic programs and space research,"926, 927",""
9590,928,FALSE,auto,National security and international affairs,928,""
9670,928,FALSE,auto,U. S. Army,928110,""
9680,928,FALSE,auto,U. S. Air Force,928110,""
9690,928,FALSE,auto,U. S. Navy,928110,""
9770,928,FALSE,auto,U. S. Marines,928110,""
9780,928,FALSE,auto,U. S. Coast Guard,928110,""
9790,928,FALSE,auto,"Armed Forces, Branch not specified",928110,""
9870,928,FALSE,auto,Military Reserves or National Guard,928110,""
