occ2010,AIOE,dv_rating_beta,human_rating_beta,genaiexp_estz_total,genaiexp_estz_core,ai_applicability_score,pca_score
0000,NA,NA,NA,NA,NA,NA,NA
0010,1.3342459999999996,0.5077777777777778,0.36944444444444424,0.47939067999999985,0.4229390599999998,0.155502898114603,1.8922688367491658
0020,0.5748773,0.4807692307692308,0.3846153846153846,0.29411766,0.11764706,0.1210284326840145,0.4791021650730768
0040,1.2943870000000002,0.4767441860465116,0.5465116279069767,0.36666667,0.30000001000000004,0.1954088804120378,1.865723151302908
0050,1.290656,0.475,0.5307291666666667,0.372058825,0.267647065,0.17667254897112333,1.7048410847105286
0060,0,0.5540847937688086,0.5504912373871482,0,0,0.20490689727518477,0.2497905627392229
0100,0.36991389999999996,0.3957333427442123,0.45211038961038963,0.21029244499999994,0.21029244499999994,0.0748872755428843,0.2494493528250793
0110,1.0598530000000002,0.5303030303030303,0.5606060606060607,0.5588235300000001,0.5294117900000002,0.1518935143886481,2.5612095432223323
0120,1.4457723604047452,0.4850552306692657,0.4541306971131532,0.4355397433113182,0.22983313150703721,0.1488033543322555,1.5671593533213186
0135,1.2982349999999998,0.513157894736842,0.4605263157894737,0.41666665999999997,0.2708333399999999,0.1413063122763342,1.5964964991874548
0136,1.3204170000000002,0.48,0.45,0.3846153900000001,0.3846153900000001,0.1370417874755325,1.6835970958000572
0137,1.284423,0.5,0.4772727272727273,0.5,0.41666666,0.1929281337086295,2.2350192939036524
0140,0.5086877999999999,0.40571870150289957,0.3296039063138119,0.22676243999999995,0.19529625999999992,0.122058975083806,0.2424362932429255
0150,1.423426,0.5857142857142857,0.4714285714285715,0.41666666,0.41666666,0.1054953784861409,1.9775843270516476
0160,0.888989796686153,0.486525974025974,0.4729707792207792,0.4241400295910876,0.3908741190872963,0.20626203396509368,1.898611082478536
0205,-0.14436833065099444,0.3673469387755101,0.2448979591836734,0.08333329596988273,0.08333329596988273,0.0961190479821949,-0.8483222822654914
0220,1.029139,0.4444444444444445,0.4,0.18000001,0.14,0.1450059596749093,0.5540374026400805
0230,1.1503609982031815,0.4310391820464069,0.46879789192153065,0.3590024519830183,0.25963912902390474,0.12419482733317917,1.2118264051599328
0300,0.8370104999999999,0.44261083743842367,0.3307881773399014,0.5119047799999998,0.34711777999999993,0.1719918890553441,1.450697939305245
0310,-0.12131120000000002,0.4166666666666666,0.3958333333333333,0.19642857000000005,0.14285715000000002,0.10019100938754089,-0.09903185400609688
0340,0.40217260000000005,0.45652173913043476,0.3804347826086956,0.22916667000000004,0.20833333000000007,0.20840197509268943,0.7376358702888622
0350,1.2602589999999998,0.4285714285714285,0.3714285714285714,0.30555554999999995,0.27777778999999997,0.1632890896536951,1.1347713438517
0360,1.327906,0.5306967984934087,0.48653254329153456,0.43073595,0.4025974,0.1175215751035497,1.9059149036613776
0410,1.2153959999999997,0.4431818181818181,0.4318181818181818,0.35185184999999997,0.20370369999999993,0.1393378763368064,1.1117720146677001
0420,1.156153,0.3928571428571428,0.4464285714285714,0.375,0.25,0.1558151951411868,1.219176798528456
0425,1.0307679999999997,0.4222222222222222,0.6,0.5217391299999999,0.5217391299999999,0.200344931661985,2.5183587468157818
0430,0.4769374753650237,0.45991323010731805,0.4240757379582981,0.22450182502386767,0.21064893987549496,0.1821717444939317,0.7658411611166172
0500,1.0685590000000005,0.5434782608695652,0.36956521739130427,0.5357142700000002,0.4285714300000001,0.2688759857688543,2.3694811822177284
0510,NA,NA,NA,NA,NA,NA,NA
0520,NA,NA,NA,NA,NA,NA,NA
0530,NA,NA,NA,NA,NA,NA,NA
0540,1.2588191877476276,0.5195019340813912,0.49024903295930433,0.4946633284920007,0.3937913133679006,0.20866463191026527,2.287092714054907
0565,0.6979597995152186,0.5263042749310427,0.5265367802901109,0.39145254072162816,0.26041007235645275,0.2003403916846452,1.6558475567732829
0600,1.3676690000000002,0.5,0.4807692307692308,0.42857143000000003,0.39285713,0.2547360531717686,2.3197178749452596
0630,1.3576429432597765,0.6378399828408067,0.5790779902124779,0.4517858939738004,0.3561237306308654,0.1918981970063904,2.514960821984957
0640,1.4409849999999997,0.4736842105263157,0.4736842105263157,0.60416669,0.375,0.1671532331445428,2.2512242196256054
0650,1.1984090000000005,0.5526315789473684,0.5921052631578947,0.4749999900000001,0.4499999900000001,0.241747642458221,2.7307131218693277
0700,1.297303,0.5278605318327264,0.5965664590292197,0.46713911999999985,0.4128380399999999,0.1623173857191718,2.358948677801536
0710,1.4324170000000005,0.4047619047619047,0.5,0.4545454700000001,0.4545454700000001,0.3528923037864668,2.731838630661824
0725,0.37402069999999993,0.4864864864864865,0.3648648648648649,0.45238095999999994,0.3809523899999999,0.1465079327379848,1.285564776696637
0726,1.2425670000000004,0.5192307692307693,0.4903846153846154,0.3750000000000001,0.3392857000000001,0.1251943302659937,1.6545656525447034
0735,1.424948045564752,0.5245901639344263,0.5425598991172762,0.4924304154998741,0.4092027320447496,0.3497337016289346,3.002943750427465
0740,1.0454407968759267,0.5828407660281357,0.5379899336046262,0.5375351578847162,0.5135196568786976,0.2234710057575466,2.792571700683781
0800,1.4819550935402406,0.56,0.52,0.4999996941677892,0.43333307494541323,0.2032480949571617,2.585801387929732
0810,NA,NA,NA,NA,NA,NA,NA
0820,1.502988,0.52,0.64,0.4230769300000001,0.4230769300000001,0.2340858486198604,2.7149631297228565
0830,1.3452679999999997,0.5555555555555556,0.5555555555555556,0.6363636299999998,0.4090909099999999,0.1616323362699461,2.640465223464921
0840,0,0.4615384615384615,0.5,0,0,0.2783547531305114,0.23655063392939923
0850,1.4007490000000002,0.5,0.6710526315789473,0.47619048000000014,0.35714287000000006,0.3552253488700088,3.0920664411233325
0860,1.3266519999999995,0.5714285714285714,0.5,0.4999999999999999,0.4999999999999999,0.1609551764612808,2.489351758298041
0900,0.8047217886697441,0.5157560497971744,0.5793384961660245,0.24814988769785984,0.21713115173562733,0.18905817562546723,1.400220362757916
0910,1.385568454941009,0.5939165458882066,0.6517372126994271,0.4315019635031837,0.38591288835474036,0.2507303811085137,2.827484342443638
0930,1.36682,0.5806451612903225,0.6774193548387096,0.44000000000000006,0.18000001000000002,0.3399250265932537,2.7575038628352084
0940,1.29371,0.625,0.625,0.5833333100000001,0.5833333100000001,0.3116015023266654,3.6907999102533617
0950,1.3608710552953294,0.5832309582309583,0.5924447174447174,0.503756226065202,0.45429672895935813,0.2494183004918407,2.9426123886722637
1005,1.154269,0.6346153846153847,0.5,0.60000002,0.60000002,0.1692589723694258,2.9526898511617503
1006,1.1981499999999996,0.6174242424242424,0.553475935828877,0.6510695199999996,0.5033422699999998,0.3154295398018763,3.4626955956595795
1007,1.2501460000000002,0.6521739130434783,0.5434782608695652,0.7500000000000001,0.7500000000000001,0.2219611271797774,3.879873918006288
1010,1.2715060000000002,0.95,0.6833333333333332,0.8529411600000002,0.6470588400000001,0.3100317881564861,5.018235102918267
1020,1.851093411086344,0.8728070175438596,0.5307017543859649,0.8788995059053057,0.8773245472410995,0.30580128154625835,5.304396437228316
1030,1.6977951570925192,0.8413461538461537,0.6339743589743589,0.9588336384354986,0.9284234235150115,0.3235761594245935,5.705932317211092
1050,0.3838317662328426,0.6151911917771388,0.644411681215607,0.6333456207459165,0.5300442315606997,0.33613255205253084,3.40985206285212
1060,2.0646061216915843,0.9199960332294849,0.628231681831006,0.9342403062971759,0.8948911474882075,0.30670613269545177,5.816901814705929
1105,0.7895315000000003,0.7297297297297298,0.5135135135135136,0.5249999800000001,0.47499999000000015,0.2663084288736497,2.96474771657591
1106,0.5803305999999999,0.6352227393617021,0.5433011968085106,0.5944055899999999,0.5352563899999999,0.2572961979199385,2.980129335476988
1107,1.9265170788237298,0.7357861863332168,0.5969636725035986,1.1493189950268672,1.1403258140794843,0.2994614544892288,6.2184120908982585
1200,1.516474,0.5,0.537037037037037,0.43333334,0.30000001,0.1581477988708334,1.966682772318766
1220,1.4000199999999998,0.6290322580645161,0.6290322580645161,0.6874999999999999,0.6562499999999999,0.3074955646855726,4.072346813555849
1240,1.1876227618958308,0.8638011695906432,0.6885797827903091,0.6744504850500473,0.6017518975818626,0.3456768037077678,4.547215121924803
1300,1.0407650000000002,0.45471236230110157,0.39932680538555687,0.29276316,0.24067982999999998,0.19666967405244662,1.1712408538316421
1310,0.21820257618327027,0.5111372191863995,0.4241150343281491,0.2661687389398907,0.23605506515342578,0.15452057429733143,0.7847924585928807
1320,1.338738,0.5714285714285714,0.5178571428571428,0.3611111,0.27777779,0.1955306356404219,1.947166357839377
1340,0.9641937500000002,0.5078347578347578,0.4358974358974359,0.47023809000000005,0.47023809000000005,0.23056018562856379,2.2266799049785364
1350,1.341336,0.4615384615384615,0.3461538461538461,0.3461538599999999,0.3461538599999999,0.1962682530955937,1.509600612357747
1360,1.2824220443852,0.4821428571428571,0.4545454545454546,0.3357486169679788,0.26496407672875205,0.2053823863919811,1.5916317238323254
1400,1.1418120000000005,0.7272727272727273,0.3181818181818182,0.3611111000000001,0.33333334000000003,0.3219327084988922,2.3183775990681164
1410,0.8966485895186767,0.591229443831054,0.4269893401515968,0.48315583759710085,0.30441182774391373,0.1918544931839393,1.8802772284184395
1420,1.3422362696469263,0.5555555555555556,0.5,0.5173465308841678,0.4816674845918145,0.2082842689802057,2.6286641661954313
1430,1.131928913440559,0.5527467490432005,0.5215730950884613,0.43876959864789095,0.40741141247906687,0.2572565689170133,2.4629309164633346
1440,0.5472170153017855,0.4210526315789473,0.4035087719298245,0.21666655727583337,0.21666655727583337,0.205678879643531,0.7622413662588681
1450,1.037278,0.48780487804878053,0.3170731707317073,0.42857143000000003,0.42857143000000003,0.1867535245938849,1.659609051385004
1460,1.004709,0.5312935096519228,0.5007630338957288,0.37366301,0.31368133,0.2647498802182459,2.045525745577279
1520,1.2973645,0.5046296296296295,0.4652777777777778,0.21980676000000005,0.15338163999999999,0.21666558405719522,1.2639359084975827
1530,1.045228831735859,0.5363248100138345,0.4605866483662536,0.42409372574133225,0.3722085920662266,0.2151057677118678,2.0231489621107532
1540,0.8937528236381244,0.5324403459932392,0.4967419827071948,0.3662826767787015,0.33786424732819953,0.227163268059971,1.896497323600291
1550,0.3330103422597291,0.39063654579347473,0.3267440696902703,0.37140673340283004,0.3210661418374981,0.20761513880063942,0.9617669205069449
1560,0.08523237075046794,0.5,0.5106382978723404,0.24999991420653395,0.21666659564566165,0.2219576064079001,1.0583323271552187
1600,0.7320402779605264,0.43080094158558835,0.590139948902642,0.42010822348086124,0.3608478568779905,0.23467757183908255,2.0017588234687556
1610,0.9515658898463031,0.5277460788094209,0.4541890517993016,0.44488490663013647,0.3410479962063716,0.2422189117616512,2.026121496975014
1640,0.040734277377921776,0.43142409919308117,0.46713494182705995,0.20955729771117793,0.17652119597836144,0.15422970650804826,0.4258474036255733
1650,1.2906091763233185,0.5172336604740038,0.5674652600618266,0.4644483485228899,0.2912443081080114,0.20236015356201673,2.1650228151254054
1700,1.3476434917030569,0.7287117903930131,0.6217521834061135,0.6202431683580786,0.3987978522008734,0.2459824506643848,3.351614824867376
1710,1.373917,0.5652173913043478,0.6086956521739131,0.46296296,0.37037036,0.3214338446559301,2.9587639692323573
1720,0.5494816595872462,0.38934679308085635,0.410664126333863,0.34877766810438965,0.3109720805852807,0.2555073649222377,1.328137262949587
1740,0.8567496693765497,0.49756850302073113,0.5994581524898244,0.4678388787761246,0.3209848201186681,0.1743618868767256,1.9842172148611823
1760,1.140157,0.4565217391304347,0.4456521739130434,0.37499999999999994,0.3333333399999999,0.1699525234715482,1.5523549272946746
1800,1.4037639999999998,0.5526315789473684,0.6173245614035088,0.5692307899999999,0.5249999799999999,0.3277389094051159,3.4968093153853426
1820,0.9786552435827967,0.405764485675364,0.4593375007285334,0.23890855687974533,0.20160049101704594,0.21165586766918154,1.0530572393187683
1840,1.2275160000000005,0.4772727272727273,0.5795454545454546,0.5400000200000001,0.5400000200000001,0.3298075491547521,3.1930645748133393
1860,1.3700923813501624,0.5581851401735245,0.6972032439969611,0.46054865089266145,0.44958411428294404,0.24871877471191198,3.0230749922296147
1900,0.09558298984830199,0.39231021233120106,0.3175639658848614,0.32408568113977887,0.28898811334735425,0.12056235524904024,0.387279930056017
1910,0.3012355,0.4166666666666666,0.2666666666666666,0.3611111,0.27777779,0.091298716107831,0.3515310642548742
1920,0.0628057,0.3928571428571428,0.3928571428571428,0.25,0.21875,0.1568241823280997,0.38029666738451184
1930,0.16967429999999997,0.18506493506493504,0.28409090909090906,0.11340851999999996,0.03822055099999999,0.1573063054065258,-0.8017997380962452
1965,0.5111804838073832,0.5373717809513187,0.4877352577221713,0.39924316969527135,0.2783895885365635,0.17707661489011067,1.489401713127702
2000,0.9479547,0.2518078349996856,0.3566937055901402,0.26838235666666665,0.21384804000000002,0.2627218933838822,0.8043763014019569
2010,0.9431171666666668,0.28581349206349205,0.3586805555555555,0.19571774999999997,0.14243557333333334,0.22269166565202028,0.44930943929592226
2015,0.5272448000000001,0.39473684210526316,0.44736842105263147,0.16666667000000002,0.16666667000000002,0.2884751437161059,0.8975688888594637
2016,0.4652255,0.39285714285714285,0.375,0.25,0.15000001,0.2576125497878564,0.7264020528237564
2025,0.3758817319431205,0.42958749614185665,0.4262933393355224,0.39140374162932956,0.2754141872683509,0.24711285114325718,1.3379425051967901
2040,1.282559,0.3333333333333333,0.23809523809523797,0.07142857499999998,0.07142857499999998,0.2947585253587626,0.3188772143952952
2050,1.2109219999999998,0.4393939393939394,0.4545454545454546,0.31578945999999997,0.26315789999999994,0.2246331379710618,1.511894205454936
2060,NA,NA,NA,NA,NA,NA,NA
2100,1.3287829999999998,0.425,0.475,0.38636363,0.31818180999999995,0.1802546459451798,1.655911066082063
2105,1.4629730000000003,0.5172413793103449,0.4482758620689656,0.52631581,0.31578946,0.0738564995251544,1.6944472392414958
2145,1.292055,0.525,0.45,0.5,0.41666666,0.0571226791211703,1.7436383388386383
2160,1.0576,0.7648809523809523,0.5372023809523809,0.48529412000000005,0.34033614500000003,0.13898354545226235,2.3836980825247833
2200,1.0422644137285897,0.4777398851251354,0.45193290481814086,0.32777605491664086,0.2589022201193755,0.31319002865605583,1.839193537970129
2300,0.09888925039410895,0.22841868507404905,0.30731673728745174,0.07166509906629254,0.07166509906629254,0.18401588222407117,-0.6127544974882844
2310,1.0065929869573151,0.32221695836899544,0.3201130851000919,0.12687439754625518,0.12687439754625518,0.1992732533968623,0.22521025260560984
2320,1.1187441016703628,0.3333333333333333,0.3405655292077437,0.22971093420122524,0.2154725485734799,0.1930815085333967,0.6782729619404886
2330,0.65203115800663,0.3319345034024084,0.2888410731757489,0.1632276126812964,0.1576531034136051,0.20029986363768834,0.1678879827598942
2340,0.790560047876719,0.45272696163654946,0.29031054567866266,0.15162829212909162,0.12954323283071856,0.2792403578908499,0.6567095632616181
2400,0.38962597484567896,0.3938434048083171,0.40086215195052094,0.2761918387962963,0.24516144819135796,0.25403039159994445,0.9804054764883459
2430,1.4828420134936142,0.5350877192982456,0.5,0.5979591600968255,0.5979591600968255,0.2710956183291507,3.256478622232935
2440,0.037965,0.5673076923076923,0.5288461538461539,0.35714287,0.17142858,0.3242488955338949,1.6671605783022465
2540,1.1113559999999998,0.5303030303030303,0.3636363636363636,0.3499999899999999,0.27500000999999996,0.2654258860984003,1.6880018948145357
2550,1.279465455396801,0.48206492243679616,0.5255585455203292,0.44083436535034637,0.4249654759331146,0.3179888841023735,2.6559063584819094
2600,0.6599872229714019,0.48520312036495117,0.4176202005948897,0.23456681674029292,0.14902663189095555,0.2216989527483402,0.9069376754731062
2630,0.2799111714285714,0.39318923399798356,0.350747336635316,0.18238445685714286,0.14779528842857143,0.2237524414458159,0.35521407756611667
2700,0.1590935,0.1875,0.15625,0.052631579,0,0.1546571110257359,-1.2592634539806482
2710,0.938756515228338,0.4695853791598472,0.4369885433715221,0.24273958327946824,0.16810621904726314,0.1745558677791689,0.915888628317585
2720,-0.5766769666666668,0.20416666666666666,0.10370370370370367,0.07589285666666669,0.03571428666666668,0.16128964158051,-1.4952059903875934
2740,-2.3693270736589276,0.08965172137710165,0.07730184147317849,0.025906440369895915,0.025906440369895915,0.11232360833373925,-2.7770898506347392
2750,0.4394788063837025,0.5593447905477981,0.2066774078052273,0.1666665430170526,0.10833324979450755,0.1187930872757477,-0.047464836858739035
2760,NA,NA,NA,NA,NA,NA,NA
2800,0.8493547000000004,0.65,0.5375,0.37500000000000006,0.25000000000000006,0.4139907094962592,2.6841799952941954
2810,2.3462406824149777,0.65,0.6333333333333333,1.1647041385131287,1.1647041385131287,0.3891097042254527,6.70115222741408
2825,1.2849270000000002,0.5909090909090909,0.7878787878787878,0.6944444200000001,0.6111111000000001,0.3652853004130527,4.403955672596786
2830,1.128221,0.6470588235294118,0.6470588235294118,0.64285713,0.42857143,0.3674755296093486,3.697676138922535
2840,1.184001,0.7,0.6333333333333333,0.6333333299999999,0.6333333299999999,0.382811010090049,4.250884906233833
2850,0.9879274,0.8771367521367521,0.7742165242165242,0.74687499,0.61562502,0.4543481790911306,5.212672916663914
2860,1.111319,0.88,0.8400000000000001,0.8235294200000001,0.41176471000000003,0.4921989654086071,5.255337167609026
2900,0.0758565188177718,0.4535096257099903,0.2798785419551181,0.18728240673543806,0.05866411021399098,0.17166728042401838,-0.12032992332121725
2910,-0.16809730000000003,0.3854166666666666,0.21875,0.05172414000000001,0,0.280099132751599,-0.4478465280479951
2920,0.3284670293698424,0.4802820023187615,0.33900236422742047,0.05662319211215303,0.023533057789197297,0.17873901196625208,-0.128855156222991
3000,-0.1911757,0.4545454545454546,0.3181818181818182,0.09090909399999998,0.09090909399999998,0.11713762711900179,-0.4506354110756831
3010,-0.16947765378016516,0.24184434742680552,0.21695454909878065,0.09305299450934017,0.09305299450934017,0.05300607327399889,-1.2668772884272432
3030,1.342809,0.5487804878048781,0.4634146341463415,0.2857143,0.17857143,0.2227183613882257,1.5530831659963498
3040,0.5040194,0.3,0.05,0,0,0.0663425571139364,-1.5353905463402382
3050,0.6058705000000001,0.4285714285714285,0.3999999999999999,0.21428572000000007,0.16666667000000002,0.2826752009636128,0.9611172251063917
3060,0.43603153876831335,0.43067460957178655,0.366768076471339,0.12763293123535613,0.11840044806796084,0.10686622155459188,-0.0554777205023661
3110,0.1059147,0.2708333333333333,0.1101190476190476,0.072916672,0.072916672,0.0510917663480985,-1.4027659084904356
3120,0.6279185000000002,0.2857142857142857,0.2857142857142857,0.090909094,0.090909094,0.1440694525880412,-0.4031735573234917
3140,0.6329063,0.4545454545454546,0.4545454545454546,0.09090909400000001,0.09090909400000001,0.1555884202523419,0.29966123569975817
3150,0.11516150000000004,0.2890151515151515,0.34071969696969695,0.15056023000000002,0.13585435000000004,0.1333709827948478,-0.3320097227551069
3160,-0.3581922,0.1914893617021276,0.3404255319148936,0.041666668,0.041666668,0.1752458876205619,-0.94725181400577
3200,-0.2189393,0.2804878048780488,0.1707317073170731,0.090909094,0.090909094,0.10984674532900161,-1.1138372625259962
3210,0.217916197879135,0.3181818181818182,0.3636363636363636,0.18090939158766145,0.18090939158766145,0.07787212478276169,-0.24019493729550453
3220,-0.18805069999999996,0.2023809523809523,0.1904761904761904,0.06818181999999999,0.06818181999999999,0.0665779004457164,-1.4495159412768233
3230,1.146267,0.4512195121951219,0.3902439024390244,0.29166666,0.25,0.1404395050710195,1.0052293352576462
3245,-0.03319009999999999,0.26,0.34,0.1,0.1,0.1415002532380318,-0.5836313380913144
3250,-0.07499580000000002,0.2702702702702703,0.22972972972972966,0.13043478000000003,0.10869565000000005,0.1623091175953754,-0.6590178446505588
3255,0.2294097,0.38019000703729766,0.33498318867776994,0.18319285,0.16097063000000003,0.1217848879879193,-0.05782519357265167
3256,0.2413191,0.16666666666666663,0.125,0.08333333599999997,0.08333333599999997,0.0812003251790216,-1.3643806500936462
3258,0.19334185,0.43586269196025285,0.3037488708220415,0.32804232999999994,0.32804232999999994,0.13631109247024753,0.6242088557527657
3260,0.7081384654347357,0.3315304487179487,0.3106303418803419,0.19711924680527754,0.19711924680527754,0.09815472472115165,0.011162118845566338
3300,NA,NA,NA,NA,NA,NA,NA
3310,-0.416508,0.1875,0.09375,0.05555555599999999,0.05555555599999999,0.0666600839026753,-1.8156198152148924
3320,-0.18272894752214744,0.33595996320141885,0.24596901322966133,0.13780095103796344,0.11703436269080625,0.09505677989091048,-0.7570072043953495
3400,0,0.18108974358974356,0.20032051282051277,0,0,0.0775144937430371,-1.6165922229581204
3420,-0.2075107771409787,0.23327331348678487,0.2245039937447548,0.1536016009595567,0.09965204151389125,0.08382044344531943,-1.0504586925728794
3500,-0.5137373000000001,0.25,0.25,0.13043478000000003,0.13043478000000003,0.0426866717172248,-1.217068436274839
3510,0,0.6176470588235294,0.5588235294117647,0,0,0.2706036886520322,0.6205950817235318
3520,0.10139660000000005,0.2857142857142857,0.238095238095238,0.023809524,0.023809524,0.1558047906154136,-0.9309634981802992
3535,-0.3674011177410816,0.40641021922642745,0.2706891087816,0.41776574975921116,0.36868240683744563,0.09944433806432883,0.3867973122736285
3540,0.4283452674768471,0.3628013815021113,0.3443189739955661,0.15953961242806658,0.1538652833562627,0.15082507243003157,0.05629604297023466
3600,-1.0568957179481346,0.07565694352338798,0.10674003885465982,0.03266409415332121,0.020989041651615106,0.028914190050432578,-2.5060013270861377
3610,-0.35866253528633535,0.2649186021279044,0.217581380372078,0.12977726974862977,0.12977726974862977,0.09892638235019786,-0.9935436394318027
3620,-0.6326054190238128,0.16194409458453657,0.11673549885627238,0.03047383023023287,0.03047383023023287,0.06551721324840401,-2.0052517782665698
3630,-1.4102330000000003,0.074074074074074,0.1851851851851851,0,0,0.0118943161548162,-2.655612905397286
3640,-0.5268759,0.2666666666666666,0.1,0.125,0.125,0.0558155612596536,-1.4707422674627915
3645,0.14979169999999997,0.358974358974359,0.141025641025641,0.125,0.125,0.0698489375075638,-0.889243138961
3646,1.06259,0.875,0.2321428571428571,0.60000002,0.60000002,0.0949151126382905,2.5535682529364307
3647,-0.1552654,0.38,0.14,0.5,0.11764706,0.1124012128873188,-0.16553027844671458
3648,-0.7735823999999998,0.2222222222222222,0.1481481481481481,0.14285714999999996,0.14285714999999996,0.0344974365356819,-1.5634995024104308
3649,-0.2778475000000001,0.1829268292682926,0.1097560975609756,0.08333333600000001,0.08333333600000001,0.0287236350125179,-1.7637751288012202
3655,-0.004059389989836062,0.3169636155381112,0.09232595908937274,0.1914237144314717,0.1730060432566261,0.05206919815075592,-0.9749734861929737
3700,-0.5584278,0.2826086956521739,0.2826086956521739,0.13043478,0.13043478,0.1351100969720057,-0.777296146604849
3710,-0.19232980000000005,0.3289473684210526,0.3552631578947368,0.22499999000000007,0.22499999000000007,0.0852902951940878,-0.2073875916391822
3720,-0.5930207077656025,0.4150943396226415,0.4056603773584905,0.16666658786845,0.16666658786845,0.014613301681284403,-0.5842149087393004
3730,NA,NA,NA,NA,NA,NA,NA
3740,-1.3202314747178,0.1403508771929824,0.087719298245614,0.03333332173762828,0.03333332173762828,0.0873392959298215,-2.2952358404001116
3750,0.017003796586447163,0.27694650121120706,0.38302710361533887,0.2726652565374067,0.21701070526307534,0.10418177025163544,-0.026273960247580747
3800,-0.6989274000000001,0.148538961038961,0.19967532467532464,0.06730769500000001,0.05769231000000001,0.1741697552238517,-1.3775707615429114
3820,0.2255915598943123,0.397410759175465,0.3477375565610859,0.28866105454146707,0.24425167306444992,0.1502778131666247,0.4616464812879713
3840,-0.54125495,0.30230186480186483,0.23980186480186477,0.10733695500000001,0.08605072400000001,0.1448907675521049,-0.9185833230212754
3850,-0.6673053507659384,0.35096341862149877,0.24775840293545912,0.1798287981616654,0.1571916008421147,0.15664454852719994,-0.543870729618859
3900,-0.5946321000000001,0.35,0.1333333333333333,0.06250000000000001,0.06250000000000001,0.2077313244990273,-0.972207227180447
3910,0.7483108,0.3888888888888888,0.3888888888888888,0.29411766,0.23529411999999997,0.1894745840819405,0.8735793884812251
3930,-0.38190087757095964,0.16883026967147846,0.25049929300111035,0.17714487855684355,0.1417159087975427,0.15194197142345398,-0.8163946109764607
3940,-0.5699511000000002,0.1052631578947368,0.2631578947368421,0,0,0.21408020129774516,-1.3737413407564858
3945,-0.5068558,0.26,0.23,0.13461539,0.13461539,0.2247596882553509,-0.5690184418343058
3955,-0.08884577560278883,0.2032882545635759,0.2259018141987365,0.034102722854975634,0.025874441730157193,0.17803670389005452,-1.0850531614840841
4000,-0.2676433,0.2619047619047618,0.2619047619047618,0.14285715,0.14285715,0.1568799413816689,-0.6142066200514757
4010,-0.2575491999999999,0.5111111111111112,0.2555555555555555,0.30769231999999996,0.21153845999999996,0.1399701930112187,0.22005217682458364
4020,-0.7091676518213639,0.0704721403693592,0.08569693039320031,0.05460831448978654,0.013372530560232953,0.15885425952990456,-1.9287386988522506
4030,-1.2264159999999995,0.037037037037037,0.0462962962962962,0.06451612699999999,0.03225806399999999,0.1490145407205766,-2.2603178140311004
4040,-0.6159883,0.1944444444444444,0.1388888888888889,0,0,0.18464858904821613,-1.58402459586424
4050,-1.0125735877234692,0.0970394736842105,0.1154057017543859,0.03561033565347312,0.03561033565347312,0.1693810219179641,-1.892571118220667
4110,-0.9481003000000003,0.183673469387755,0.2244897959183673,0.14000000000000004,0.14000000000000004,0.2992029242013945,-0.6153901225800035
4120,-0.7270206000000001,0.1296296296296296,0.1111111111111111,0,0,0.1275828175828237,-2.0110511017566406
4130,-1.927078,0,0,0,0,0.0877915660668576,-3.1100110413767896
4140,-1.738612,0,0,0,0,0.0175904877428979,-3.284452149013639
4150,-0.0565477,0.22857142857142848,0.3285714285714285,0.36363636999999993,0.31818181,0.36807009262008655,1.0579582462335395
4200,-0.5854127999999998,0.2653061224489795,0.2551020408163265,0.23076922999999994,0.23076922999999994,0.1668788461485789,-0.3761901776892617
4210,-0.5548870999999999,0.3545454545454545,0.2454545454545454,0.14285714999999996,0.14285714999999996,0.1200807655311671,-0.7228450489540821
4220,-1.436201,0,0.0277777777777777,0.043478262,0.043478262,0.1075530727664869,-2.6155512973376798
4230,-1.480657,0,0.05882352941176469,0,0,0.0081162949815227,-3.0936523845158357
4240,-0.7255374,0.25,0.22916666666666663,0.06666667,0.06666667,0.11794594377991259,-1.3223149014564486
4250,-1.4787071666666667,0.046973803071364,0.046973803071364,0.02948718033333333,0.023076923666666662,0.05601375437605897,-2.7573553798254675
4320,0.31544729241449276,0.3972489157410456,0.35095626807869823,0.15204921592272655,0.12919019959843167,0.27316405124144477,0.4615969567661787
4340,-0.9167759,0.1034482758620689,0.1379310344827586,0.052631579,0.052631579,0.0576717174456,-2.129649847150714
4350,-0.8890408000000002,0.2727272727272727,0.1818181818181818,0.045454547,0.045454547,0.2493175530767327,-1.0546670842761767
4400,0.0945383689114595,0.1463862592146981,0.15553887192217947,0.07687686925921838,0.0692492571285052,0.3353414989856734,-0.5314830342079373
4420,-0.24209589999999995,0.1428571428571428,0.1999999999999999,0,0,0.253073064796022,-1.1593125837028135
4430,-0.5159694315078903,0.20665453729591948,0.3535493510362755,0.15327362498589123,0.10186290980184401,0.30628591932491556,-0.1632402134821173
4460,-0.5633224047675103,0.16391079720096782,0.21387482833039043,0.14223299341965862,0.038461539999999995,0.1825894376056216,-1.1397045291107522
4465,-0.1903759,0.16279069767441856,0.09302325581395342,0.11363637,0.11363637,0.1125513268937668,-1.3833151229629557
4500,-0.7294621,0.1617647058823529,0.0735294117647058,0.125,0.075000003,0.0995660780302392,-1.749724271405813
4510,-0.6824517,0.0789473684210526,0.0526315789473684,0.043478262,0.043478262,0.0898091566064411,-2.1742847189836247
4520,-0.33783104335244335,0.15905428710306754,0.09331393477734937,0.05555555533333332,0.05555555533333332,0.08450941051844572,-1.7738838408919009
4530,-0.024987190400424224,0.3348163862616263,0.525221721323551,0.1342345612118801,0.10988464598249796,0.31948776022912373,0.6552611051677374
4540,NA,NA,NA,NA,NA,NA,NA
4600,-0.38347940000000014,0.1414312039312039,0.3404484029484029,0.05999999900000001,0.05999999900000001,0.1735900834659945,-0.9863442433698351
4610,NA,NA,NA,NA,NA,NA,NA
4620,-1.1780316999999998,0.12640056022408955,0.24264705882352938,0.118371212,0.097537877,0.17631051035010337,-1.3448187417228414
4640,0.4746118999999998,0.23999999999999996,0.28,0.06666666999999998,0.03333333499999999,0.1475726214134187,-0.7122314268507759
4650,NA,NA,NA,NA,NA,NA,NA
4700,0.0191826,0.48648648648648646,0.4054054054054054,0.21428572000000007,0.16666667000000002,0.1300948369812961,0.29622069158790193
4710,1.3161950000000002,0.537037037037037,0.4444444444444444,0.41666666000000013,0.19444445000000005,0.1694501446418544,1.559026562412346
4720,-0.24671894944384162,0.20966623283214025,0.36011270083624297,0.1726046432175801,0.10365502688822577,0.3292381818646422,0.08572480516178949
4740,0.0784367,0.532258064516129,0.6774193548387096,0.3125,0.3125,0.3574297738222107,2.249706595029046
4750,-0.11849090000000002,0.3428571428571428,0.3428571428571428,0.21052632000000004,0.21052632000000004,0.2570143608977006,0.3817304037033902
4760,0.0873069,0.3421052631578947,0.3552631578947368,0.20833333,0.083333336,0.3362365780595582,0.5066870363489793
4800,1.1625880000000002,0.5384615384615384,0.6923076923076923,0.6000000200000001,0.5500000100000001,0.36296401051709376,3.75769687710961
4810,1.3412579999999998,0.5757575757575758,0.5303030303030303,0.15789472999999998,0.15789472999999998,0.2399439463922212,1.5286032297932546
4820,1.255987385858347,0.6057692307692308,0.5192307692307693,0.5332014956781342,0.4498887294864613,0.2318186067338622,2.7738663934769665
4830,1.1335980000000003,0.5625,0.5625,0.6250000000000001,0.6250000000000001,0.2558324035888885,3.3427142645840777
4840,0,0.6333333333333333,0.5666666666666667,0,0,0.45981045904448153,1.3425842908018442
4850,0.8442524410024155,0.5819019743600422,0.6646316598645122,0.5032169512681159,0.3465776576222826,0.3288195611996013,2.9382467294183874
4900,0.028529744067313224,0.13622617637164128,0.3976315327570319,0.2033376431346264,0.038487593929834564,0.36411611554181655,0.18240932574351096
4920,0.923731639493734,0.45040384695449437,0.41301854409901684,0.2827748687663933,0.18231211416295431,0.2787459192165372,1.2988698601745166
4930,1.145416,0.5113636363636364,0.5340909090909091,0.41999999,0.31999999,0.3131164773130831,2.402547859446413
4940,1.118129,0.8055555555555555,0.5277777777777778,0.95833331,0.5,0.4044798809856477,4.593087348148936
4950,1.107101,0.2608695652173913,0.5217391304347826,0.16666667,0.16666667,0.3187895732196953,1.1428466320650084
4965,NA,NA,NA,NA,NA,NA,NA
5000,1.0386879999999998,0.4895833333333333,0.53125,0.6206896299999999,0.5172413599999999,0.24548268258056077,2.8374114770032746
5010,0.9832644,0.6290322580645161,0.4838709677419355,0.4999999999999999,0.26315789999999994,0.3455313951514873,2.596936239979404
5020,1.019712,0.894736842105263,0.5526315789473684,0.40625,0.09375,0.41765146958134247,2.989377914966236
5100,1.271991,0.6964285714285714,0.4285714285714285,0.8333333099999998,0.6999999899999999,0.238180754798455,3.8421799663758165
5110,1.3334543646993118,0.7738095238095237,0.4166666666666666,0.5833330320813201,0.38333314736771895,0.229383348070611,2.854991037357716
5120,1.039749,0.8023255813953488,0.313953488372093,0.86666667,0.33333334,0.2760486308004596,3.1524713581198975
5130,0.4026518000000001,0.41935483870967744,0.41935483870967744,0.05882353000000001,0,0.2229174079999105,0.06449298166721854
5140,1.2576319999999996,0.8378378378378379,0.48648648648648646,0.7727272499999998,0.5681818099999998,0.23565116520537469,3.829381308256032
5150,1.4878379999999995,0.6142857142857142,0.4571428571428571,0.5263158099999999,0.4999999999999999,0.2564595585017837,2.9365749516978044
5160,0.47277230000000003,0.5416666666666666,0.3333333333333333,0.37931034000000013,0.22413793000000007,0.2978949442270133,1.4519092484607041
5165,NA,NA,NA,NA,NA,NA,NA
5200,1.144877,0.7666666666666666,0.8,0.30000001,0.2,0.4122568937797963,3.313281518212046
5220,1.1662664333613046,0.7,0.5909090909090908,0.5666663846811778,0.5333331008763866,0.2827637378866424,3.4737712577110376
5230,1.4402947256345442,0.65,0.5750000000000001,0.5624995023032983,0.4062496405523821,0.1927100122958611,2.8679770663284794
5240,0.952839637893328,0.5681818181818182,0.7045454545454546,0.564644582793113,0.3321438827816955,0.44027908504057817,3.5172415962462047
5250,1.2262859999999998,0.68,0.62,0.47058823999999994,0.20588235999999996,0.2832000787809853,2.6746089081940854
5260,0.2839743000000001,0.7941176470588235,0.4705882352941176,0.5526315600000002,0.44736841000000027,0.30975887770105,2.9403055759855423
5300,0.6063127000000001,0.5,0.3974358974358974,0.3750000000000001,0.3750000000000001,0.2738846453405436,1.7759396722359506
5310,1.297031,0.6724137931034483,0.4310344827586206,0.61764705,0.47058824000000005,0.24027974457185816,2.9601172154118554
5320,0.20389190000000004,0.5344827586206896,0.4396551724137931,0.3030303100000001,0.27272728000000007,0.1899121738128357,1.1225912919943317
5330,1.3643949999999998,0.59375,0.5,0.47222220999999986,0.4444444499999999,0.2954918773958341,2.8632904894037403
5340,1.1749980000000002,0.56,0.6,0.4000000100000002,0.26666668000000004,0.359782715361864,2.660905564053622
5350,0.9943220500000002,0.8392857142857142,0.6660714285714285,0.6322055150000001,0.366541355,0.32157111664916993,3.73040932131193
5360,1.3530979999999997,0.6206896551724138,0.4655172413793103,0.49999999999999994,0.28947367999999996,0.2293396773965254,2.332970954043911
5400,1.0131859999999997,0.5333333333333333,0.5833333333333334,0.42105262999999987,0.26315789999999994,0.2876632920478444,2.283953423355288
5410,0.22731200000000007,0.4571428571428571,0.5285714285714286,0.30952382000000006,0.14285715000000002,0.4151666107253785,1.718342247201217
5420,NA,NA,NA,NA,NA,NA,NA
5500,1.405415,0.5273013150371642,0.4288164665523156,0.42137098,0.31619623,0.2134007165171192,1.9616584250215139
5510,-0.9591126000000001,0.3103448275862069,0.1551724137931034,0.20588236,0.20588236,0.1457512600137547,-0.8189320567750897
5520,1.0709841000000004,0.6650815217391305,0.6229619565217391,0.30662393500000007,0.28739316500000006,0.2927589185313049,2.497199311173498
5530,-0.9723772,0.4374999999999999,0.3541666666666666,0.07692307999999999,0.07692307999999999,0.260728237015881,-0.267228836604555
5540,-0.5186997000000001,0.3148148148148147,0.2777777777777778,0.28571430000000003,0.09523809700000002,0.2371100852403934,-0.1395800965648446
5550,-1.0647150000000003,0.2307692307692307,0.3461538461538461,0.22727273000000014,0.13636364000000006,0.1641490833155452,-0.6606921057903445
5560,-1.185001,0.1,0.125,0.2647059,0.05882353,0.0945145319866125,-1.746104293187307
5600,0.6999102999999999,0.5961538461538461,0.5192307692307693,0.7647058999999999,0.32352941999999996,0.2630568599821761,2.797027329837611
5610,-0.7463212999999999,0.5,0.3571428571428571,0.5454545599999999,0.49999999999999994,0.1838622822759553,1.385545315983655
5620,-0.7892942345444389,0.1818181818181818,0.1909090909090909,0.08333327629949487,0.06666662223959503,0.1229677133584211,-1.5057802346096907
5630,-0.18607889999999996,0.293103448275862,0.2758620689655172,0.5227272499999999,0.13636363999999998,0.09908733421136541,-0.03211788193263293
5700,1.1028054999999999,0.6637995646147821,0.6706329029698594,0.7328023450000001,0.5087763725,0.25857884268018105,3.7039324158798266
5810,0.31080810000000003,0.8928571428571428,0.4999999999999999,0.7222222100000001,0.4444444500000001,0.3428465550987574,3.6126671818873968
5820,0.6219605999999999,0.7432432432432433,0.48648648648648657,0.8500000199999999,0.6999999899999999,0.3260354808499345,4.127538013272435
5840,1.2402001193132532,0.8333333333333333,0.5119047619047619,0.6111106660401445,0.40740711069342966,0.3239551274366237,3.560065199699534
5850,-0.8184676,0.2162162162162162,0.1216216216216216,0.27586207,0,0.0893653784902282,-1.5061429465887906
5860,0.9888986000000001,0.5757575757575758,0.5,0.7380952200000002,0.5000000000000001,0.2912371033291135,3.2536640867815745
5900,-0.51714040000000006,0.3970588235294117,0.17647058823529407,0.2777777900000001,0.2777777900000001,0.1922980400091968,0.009980991763988811
5910,1.2883749999999998,0.975,0.6000000000000001,0.95454544,0.8181818099999998,0.3825274847028949,5.696318598739568
5920,1.3878463326100123,0.8913043478260869,0.6739130434782609,0.8201765296327438,0.6418772488966974,0.3588121546003035,5.0415185149535935
5940,0.3437743,0.6451612903225806,0.4838709677419355,0.52777779,0.47222221,0.332124060369341,2.799628294940033
6005,-0.47918405667161607,0.2807017543859649,0.1578947368421052,0.03333331807343012,0.03333331807343012,0.0770972915953997,-1.5845010800011212
6010,0.1704867,0.2916666666666666,0.2916666666666666,0.34090909,0.045454547,0.089366721512358,-0.40617727341109267
6040,-1.370968,0.1,0.05,0.16666666999999996,0,0.0385030051640548,-2.4720084165332095
6050,-1.2746967274010421,0.1436869924009841,0.07058619583053735,0.027480944852104706,0.006647610852104712,0.1220368917361104,-2.246758205016932
6100,NA,NA,NA,NA,NA,NA,NA
6120,-1.0642049999999998,0.0434782608695652,0.0652173913043478,0.02380952399999999,0,0.0798860293189065,-2.5305593843465712
6130,-1.0541349620908487,0.16859651320184227,0.08162597124072707,0,0,0.02094438099964338,-2.5126035624778567
6200,-0.3054047999999999,0.41666666666666663,0.2333333333333333,0.16666667,0.16666667,0.1147818873272597,-0.45706989502380857
6210,-1.0975319999999995,0.030303030303030297,0,0,0,0.0411040562320653,-2.883036979445169
6220,-1.8598875962742893,0.05224280296546231,0,0,0,0.07700958184057026,-3.0235471997907637
6230,-1.323630242362544,0.1444444444444444,0.0888888888888888,0,0,0.055737898872458294,-2.5281162504999095
6240,-1.3357596075444322,0.05587854292968547,0.023224217144238907,0,0,0.06293908370454238,-2.8066710968931265
6250,-1.7773975849622603,0,1.594471910903107e-4,0,0,0.01565979875973009,-3.306801583111091
6260,-1.6229880000000003,0.05,0.025,0.03125000000000001,0,0.030072808760993,-2.9922491549678316
6320,-0.9102354682252551,0.04923609403236757,0.0787777504517881,0.04853272164873838,0,0.09233407242174714,-2.3406525547212316
6330,-1.6339252714884698,0.036207197763801484,0.018103598881900742,0.033422030041928716,0.033422030041928716,0.043478915418733013,-2.915854884115789
6355,-0.7796905,0.1463414634146341,0.1463414634146341,0.047619049,0.047619049,0.1509300712949303,-1.6623616267973167
6360,-1.3889010000000002,0.0833333333333333,0.03125,0,0,0.0530926151156536,-2.7957989513616077
6400,-1.4790361948638133,0.04818606296427306,0.07823275557127696,0.030046693207937736,0.030046693207937736,0.10038538702526686,-2.5175069510905352
6420,-1.5889297465662384,0.056940038969281286,0.028379011329830933,0.02613856358972087,0.02613856358972087,0.09278968866342864,-2.6895844652542094
6440,-1.1726024614631576,0.0555152277713253,0.032181571815718124,0.016642511095899665,0.016642511095899665,0.0661008726460815,-2.64729810739409
6460,-1.7555880000000004,0.0769230769230769,0.0384615384615384,0,0,0.10029365698032049,-2.7733764368782072
6515,-1.7529410000000003,0.04,0,0.017857144,0.017857144,0.0091029999034675,-3.1769743453956782
6520,-1.174972,0.0657894736842105,0.03947368421052631,0.0625,0.020833334,0.0637663639814827,-2.53155599110334
6530,-1.780065,0.0285714285714285,0,0,0,0.0296513369476341,-3.204736182607096
6600,-1.6202595526937913,0.009777947723486185,0,0.008351997281075028,0,0.05712178724505315,-3.061666826779396
6660,0.28534834310112434,0.33410428931875524,0.28238015138772077,0.22940628251881348,0.2162794975398804,0.1175029238868945,-0.046812823372709284
6700,-0.8604742000000001,0.1842105263157894,0.0789473684210526,0.050000001,0.050000001,0.0606422258533255,-2.0753678586899036
6710,-1.9021129999999997,0.0512820512820512,0.0256410256410256,0,0,0.0688006083534319,-3.019647683958809
6720,-0.6887439,0.0806451612903225,0.032258064516129,0,0,0.0274026488633871,-2.60598405225694
6730,-1.27909,0.0161290322580645,0,0,0,0.0213537884039159,-3.053997541517117
6740,-1.39906,0,0,0,0,0,-3.2093091299648577
6765,-1.0773801,0.0940625,0.101875,0.0419580435,0.0419580435,0.13391901722950875,-2.0543976713368206
6800,-1.2622776262564104,0.025900358837540476,0.049443148814965435,0.03402352101978022,0.017011760186666666,0.03546335712756963,-2.781584838485224
6820,-0.7018390999999999,0.1363636363636363,0.1136363636363636,0.01877675999999999,0.00422018299999999,0.052243023240533,-2.210107034288458
6830,-1.469005461558461,0.1354166666666666,0.1145833333333333,0.05195330151063249,0.03751827777653549,0.0358321095789706,-2.452389032981083
6840,-1.5970285436851857,0.00628009425263803,0.059883413584673695,0.059407077208528926,0,0.048920287933286496,-2.874441047817575
6940,-1.6124037142857142,0.02417582417582417,0.06889632107023409,0,0,0.035803972227517626,-2.982465650321718
7000,-0.0205169,0.4102564102564102,0.2692307692307692,0.27272728000000007,0.15909091000000003,0.1410867595579958,-0.011169061122416002
7010,-0.34582469999999993,0.3673469387755101,0.2040816326530612,0.27999999999999997,0.27999999999999997,0.1591961875756344,-0.029517036836038985
7020,-0.8377959500473976,0.2692418843936631,0.19486300592897332,0.19308526933320577,0.08719782412630138,0.19219157428199593,-0.8669804000858425
7030,-0.1728535,0.24,0.14,0.15384616,0.11538462,0.1532639157617935,-0.91469592664141
7040,-0.8106341,0.1057692307692307,0.0192307692307692,0.03846154,0.025641026,0.1230256531415988,-2.171216292093616
7100,-0.6591520019149705,0.2783286856465226,0.20409163200202585,0.18020294230940626,0.1454735252926653,0.16459724616731386,-0.760356286422196
7110,-0.7915968,0.1666666666666666,0.125,0.125,0.125,0.10360758548125208,-1.5435548786907543
7120,-0.571284,0.238095238095238,0.0952380952380952,0.13636364,0.13636364,0.12389597197994731,-1.2646361483975577
7130,-0.6926483999999999,0.1666666666666666,0.1833333333333333,0.15624999999999997,0.09375,0.1808721273475798,-1.11643025704503
7140,-0.6551197000000001,0.1343283582089552,0.0597014925373134,0,0,0.0691172794291401,-2.2868312765222143
7150,-1.1805890000000003,0.0425531914893617,0.0425531914893617,0,0,0.0873416052806276,-2.64186401024445
7160,-1.2022850000000005,0,0,0,0,0.025389244091884,-3.038503257195007
7200,-0.95470505555441465,0.0818181818181818,0.0727272727272727,0.09999995344683936,0.08333329720569821,0.1275135870143039,-1.920238593577079
7210,-1.0104719999999998,0,0,0.01923076999999999,0.01923076999999999,0.1090215058130117,-2.5872700319884667
7220,-1.1972736591633044,0.10215906713663238,0.1278295692689201,0.06861132464136759,0.06861132464136759,0.08518172575421765,-2.106681027941355
7240,-0.8663358214068965,0.11006441834028037,0.06346570670708598,0.016866995681103447,0.016866995681103447,0.058197773793468015,-2.3844407380125228
7260,-1.40842106861949,0.01766497380396492,0.018628081155583353,0.007979903177929236,0.007979903177929236,0.052913582716661085,-2.9221312614394988
7300,-0.9931686104419812,0.1329733826061773,0.07021597043629352,0.031566503629323,0.01606458726024836,0.12705081119643527,-2.108422397243345
7315,-0.8491111619963132,0.1052631578947368,0.1403508771929824,0.03333331387974323,0.03333331387974323,0.1223076929399899,-1.9370574994474177
7320,-0.9703799000000002,0.1454545454545454,0.10909090909090902,0.06451612700000002,0.06451612700000002,0.12237769769460101,-1.8543851114431702
7330,-1.1334481672655068,0.27348058293885114,0.1447838380264506,0.18701245745083206,0.18701245745083206,0.10952523773880815,-1.1822278030606594
7340,-1.014408,0.1372549019607843,0.0784313725490196,0.13333334,0.13333334,0.086731789097531,-1.8122222191370605
7350,-0.9735492,0.1428571428571428,0.1142857142857142,0.11111111,0.11111111,0.11217169441599549,-1.7068037461385517
7360,-1.266085,0.0217391304347826,0.0434782608695652,0.021739131,0.021739131,0.0749637418212238,-2.6741201049085617
7410,-1.081398,0,0,0,0,0.1116487063262473,-2.680855652538736
7420,-1.083883,0.03125,0.03125,0,0,0.1657812360326048,-2.3661753221489414
7430,-0.2869561112780879,0.2760567664879033,0.24169266733457373,0.11455485227565476,0.11455485227565476,0.16943336817200602,-0.7009810436047498
7510,-0.7233995,0.3214285714285714,0.1964285714285714,0.15789472999999998,0.052631579,0.0832884709720922,-1.2435522525251328
7540,-0.8657497999999999,0.08,0.08,0.07142857499999998,0.07142857499999998,0.043018976885384405,-2.250676699634683
7560,-1.221519,0,0.037037037037037,0,0,0.1763014878054277,-2.4311687611169237
7610,-1.346555,0.0333333333333333,0,0,0,0.0625113344294359,-2.9020553789221633
7630,-1.3502422214681968,0.09846088858794887,0.13708634964272326,0.09947435268971334,0.059106739769974645,0.1212494189139423,-1.9920937111402524
7700,-0.08452819999999998,0.4,0.225,0.44999998999999996,0.44999998999999996,0.2501944439628881,1.161278087388749
7710,-0.8684706,0.025,0.025,0.050000001,0.033333335,0.053736284478856,-2.545279695188634
7720,-0.8289722,0.2222222222222222,0.1388888888888889,0.090909094,0.090909094,0.0823189516738777,-1.6341363338378194
7730,-0.9561453000000001,0.0952380952380952,0,0.08333333600000001,0.08333333600000001,0.1173161501289369,-2.1102500957223267
7740,-1.0763069999999997,0.0227272727272727,0.0227272727272727,0,0,0.0463502419787662,-2.823525151897281
7750,-1.2047053180266667,0.021313777777777747,0.08231111111111108,7.215686346666667e-4,0,0.06780770821830731,-2.6789825688573714
7800,-0.3852989000000001,0.2647058823529412,0.1176470588235294,0.08333333600000001,0.05555555600000001,0.090541848438324593,-1.4745696141905313
7810,-1.1927005776783408,0.0528535002423018,0.01057070004846036,0.05021082523018673,0.016736942278977714,0.17359048509727015,-2.2595564933777896
7830,-0.7588590000000002,0.0666666666666666,0.0666666666666666,0.05000000100000001,0.05000000100000001,0.0639286067182724,-2.267147173105071
7840,-0.37911140000000015,0.11538461538461528,0.1538461538461538,0.14000000000000007,0.12000000000000005,0.0824150247690521,-1.4721598208923383
7850,-0.5559894,0.1290322580645161,0.032258064516129,0,0,0.0926290853267721,-2.2282384103596096
7855,NA,NA,NA,NA,NA,NA,NA
7900,-1.857003189993159,0.3261639605642432,0.20437246738055784,0.5084475145437186,0.41944968986492687,0.2532143259637667,0.31337555419643026
7920,-1.1619632161140376,0.058649598668100614,0.07729968343085603,0.045509313356058255,0.024301535233963438,0.13859152260734636,-2.21834690865506
7950,-0.9932575225255974,0.08219440046350489,0.041861981550828056,0.04882043539030367,0.03030191739030367,0.10670788373212747,-2.273619878980258
8030,-0.8675534999999999,0.2346938775510204,0.1326530612244897,0.08620689799999999,0.08620689799999999,0.1693405929859509,-1.3461036834328541
8040,-1.1321807970183488,0.08095215341488272,0.032380861365953056,0,0,0.0724818594910382,-2.624229357175623
8100,-0.9456177658845898,0.11676206723127505,0.070009642217531,0.05334852539583333,0.03154296875,0.08363149690385778,-2.204115137048002
8130,-0.5317896999999999,0.1875,0.109375,0.11764705999999996,0.05882352999999998,0.0862094989540314,-1.6425090957733213
8140,-1.1822081378648603,0.08665438337598073,0.040603374592194624,0.019430408023736613,0.015352748430401394,0.08345422977161715,-2.5114004604077627
8220,-0.7999960137914465,0.10730784023387846,0.11392507395022536,0.09545766207464362,0.07345310111031023,0.13203847132169536,-1.7380831464592188
8250,0.4107973,0.4375,0.109375,0.21999999999999997,0.2,0.1331718166569081,-0.14917493572929189
8255,-0.7093881000000001,0.2875,0.125,0.19565217000000004,0.06521739100000001,0.1197397674658852,-1.2226923334066297
8256,-0.9062089000000001,0.0897435897435897,0.0641025641025641,0,0,0.0460310109635029,-2.5459041760999206
8300,-1.054399,0.05,0.05,0,0,0.0446023861649318,-2.714316451789523
8310,-1.9500630000000003,0.0104166666666666,0.0208333333333333,0.01785714399999999,0.01785714399999999,0.0557071016858633,-3.1033416067914463
8320,-0.9639660999999998,0.0813953488372093,0.0232558139534883,0,0,0.047212647675826,-2.6639660193032
8330,-1.0025841915673694,0.06725569118174507,0.047708407078608746,0,0,0.060542058006783035,-2.60863825138755
8350,-0.4508590611980573,0.08495641792997431,0.06497653273152455,0,0,0.05971145288768827,-2.3190165435183876
8420,-1.2204353613303949,0.12813011729383567,0.10532737122308876,0.06847436783530354,0.024529709402724906,0.08172216169282377,-2.216765602319937
8450,-1.313735,0.1911764705882352,0.088235294117647,0.02272727299999999,0,0.0837461385580059,-2.2970394507265715
8460,-0.7346346681306306,0.13334522561354456,0.10251873640882259,0.11009558813626127,0.070144922865991,0.05404147869923436,-1.945516965179218
8500,-1.327489,0.1176470588235294,0.0441176470588235,0.175,0.075000003,0.1186475246609184,-1.9772419037473523
8510,-1.1977270000000002,0.0285714285714285,0.0714285714285714,0,0,0.0842711497031414,-2.627152233302648
8530,-1.165031,0.058823529411764705,0.0147058823529411,0,0,0.108910642978284,-2.5846859037772294
8540,-1.130357,0.0652173913043478,0.0326086956521739,0.07692308,0.057692308,0.1326177440660783,-2.180410840684399
8550,-0.8378902666666668,0.188034188034188,0.19658119658119655,0.03333333333333333,0.03333333333333333,0.1490971477164856,-1.5673605864873603
8600,-0.2149374433503904,0.18277958483972703,0.10663417618121408,0.12367383687043249,0.11127396660986134,0.07741969862943583,-1.4406798767910387
8610,-0.5032496000000001,0.1627906976744186,0.1046511627906976,0.07999999800000002,0.07999999800000002,0.1003480905990189,-1.6601690646354856
8620,-0.44501000000000013,0.125,0.125,0.12500000000000003,0.12500000000000003,0,-1.851109395080041
8630,-0.35678406223582565,0.16027611168258996,0.14426040475300206,0.15014690241947237,0.09860366009546714,0.06568808461937099,-1.4843147528225902
8640,-0.6387744883541657,0.14939340016368427,0.0713345196398945,0.11993062153625905,0.11993062153625905,0.09450051559811543,-1.6751414828535336
8650,-0.8923284265080715,0.104178315042801,0.07888284114919625,0.09353010257788164,0.09353010257788164,0.07370582107452998,-2.0235777027091593
8710,-1.0622836926020875,0.05935476352982296,0.04946230294151919,0.09327177374839773,0.06218118394982603,0.08753384576103246,-2.2520045364299306
8720,-1.0421509999999998,0.075,0.075,0.05357142899999999,0.03571428699999999,0.08035857354586261,-2.314018081026144
8730,-0.9582345999999998,0.16,0.04,0.11111110999999996,0.11111110999999996,0.1215638996421962,-1.7862223593161333
8740,-0.029339500000000004,0.4166666666666666,0.1770833333333333,0.5,0.265625,0.0929881871510724,0.2651190957089689
8750,-0.15600660163986146,0.2053571428571428,0.1339285714285714,0.03105799836132675,0.03105799836132675,0.1193385645341999,-1.5005300265519828
8760,-0.26225924826188624,0.07412370880031531,0.05881845710036637,0,0,0.059348783382079204,-2.276435326219895
8800,-0.978608,0,0.075,0,0,0.0200531293260266,-2.813894309605687
8810,-2.47930532356562,0.04128584038039918,0.011804568073065045,0,0,0.05347909178946054,-3.3559915870434045
8830,-0.3615806,0.38,0.17,0.0625,0.03125,0.1281637050174612,-1.0955966704425402
8850,-1.3114180000000002,0.064516129032258,0,0.05882353000000001,0.05882353000000001,0.11616610599521789,-2.4107639247716834
8860,-1.0835178719726561,0.09713404605263155,0.04856702302631578,0.07859225689794921,0.07859225689794921,0.07163480177753978,-2.2412289511390684
8910,-0.6395225999999999,0.1363636363636363,0.0303030303030303,0.03333333499999999,0,0.086996976167943,-2.21275015156732
8920,-1.183408,0.07098155467720682,0.04656519143025887,0.0065789474,0,0.0965363929654853,-2.536971727310207
8930,-0.8740444999999999,0,0.026315789473684202,0,0,0.0908882572911304,-2.6172013672087293
8940,-1.6109149999999997,0.0192307692307692,0,0,0,0.011765050502153,-3.2174016080349133
8950,-1.411304,0.0888888888888888,0.055555555555555504,0.029411765,0,0.0214759054004286,-2.8052673005308932
8965,-0.6372312,0.234375,0.0625,0.14583333,0.083333336,0.1051886321970711,-1.5242035263345537
9000,-0.7091902,0.3,0,0.16666667,0,0.11032388621568519,-1.6738724683705009
9030,-0.19837588788460267,0.31330116155266685,0.22337557070072123,0.10823463607913715,0.07636828375967711,0.1375676441728674,-0.836581246998914
9040,0.8679811278688524,0.35154120170113773,0.31638708153102396,0.1334046093442623,0.07357250427868851,0.1884198082399799,0.07923896647108453
9050,-0.7621183,0.1666666666666666,0.1458333333333333,0.1,0.1,0.3012598442045757,-0.8786443305068128
9110,-0.8298703,0.0909090909090909,0.0454545454545454,0,0,0.047331026292541295,-2.546017777613837
9120,-0.30272650000000006,0.28213507625272327,0.17156862745098034,0,0,0.20143320609130178,-1.1660708470877303
9130,-1.090587849537807,0.3100894233999845,0.19094503582171246,0.13587460799494303,0.12588554868858604,0.13091142712298948,-1.1435702245180046
9140,0,0.265625,0.2115384615384615,0,0,0.17778412577097155,-1.0770399030629596
9150,NA,NA,NA,NA,NA,NA,NA
9200,-0.5290057100311705,0.27812411448002267,0.2157480872768489,0.07165391820062342,0.07165391820062342,0.1273050405187532,-1.1644402447467574
9260,-1.4031740407862285,0.26963541229469207,0.11084879263549617,0.1528059882464927,0.11179850056668542,0.07290937258434704,-1.7154944122987925
9300,-0.83824805,0.10721409574468085,0.07563164893617019,0.1355042035,0.11764706,0.0447181692453328,-1.9811517733457233
9310,-0.45710534989146784,0.2470238525043926,0.20404617545461523,0.12493157638432478,0.12493157638432478,0.12875655621560325,-1.0066007026046688
9350,-0.8353891,0.1071428571428571,0.125,0,0,0.2214386240168164,-1.733213987956759
9360,-1.2214889999999998,0.1304347826086956,0.0652173913043478,0,0,0.04418720518655189,-2.602310757057033
9410,-0.18376,0.4125757575757576,0.23439393939393935,0.22539682999999996,0.09206349399999998,0.1335520410727661,-0.39415269582833246
9415,-0.3752248999999999,0.22222222222222218,0.1388888888888889,0.14285714999999996,0.07142857499999998,0.4729994329627126,7.458969600581122e-4
9420,-0.16958102922330104,0.3469666615297683,0.26848320234242556,0.22790343200970875,0.1208517243339806,0.12533700289367383,-0.40724941912008855
9510,-1.030619,0.1842105263157894,0.026315789473684202,0,0,0.0714135172489954,-2.4059924895699547
9520,-1.144356,0,0,0,0,0.1021748159105341,-2.7403352112813955
9560,-0.7832239596888736,0.09116882208202622,0.12954593286476715,0.07663466315116671,0,0.05270409689588027,-2.198453519635655
9600,-1.39869,0.03125,0.03125,0,0,0.013095857881066502,-3.040231371148332
9610,-1.6298969999999997,0.0833333333333333,0,0,0,0.0387524681390456,-3.008714482910687
9620,-1.7046488462636251,0.0417391304347826,0.04086956521739129,0.07519681383569636,0.02374636163400063,0.05387316572670249,-2.7956264483410296
9630,-1.0374129999999997,0.0909090909090909,0.0909090909090909,0.07692307999999999,0.07692307999999999,0.019375993236474,-2.3412222139397953
9640,-1.51362,0.1,0.1,0.083333336,0.083333336,0.0697238239130596,-2.2945402216643407
9650,-0.9434159122076441,0.1290864013339769,0.07110886831366006,0.05369915550484883,0.05369915550484883,0.0950770755756679,-2.09073493739306
9720,-1.283373,0.1964285714285714,0.2321428571428571,0.03125,0,0.0461200036995614,-2.101037733191776
9750,-1.38776,0.0714285714285714,0.125,0.10526316000000001,0.10526316000000001,0.079918245250217207,-2.1248765720849505
9800,NA,NA,NA,NA,NA,NA,NA
9810,NA,NA,NA,NA,NA,NA,NA
9820,NA,NA,NA,NA,NA,NA,NA
9830,NA,NA,NA,NA,NA,NA,NA
9920,NA,NA,NA,NA,NA,NA,NA
