occ2010,estimate,p.value
10,-0.021437262547208718,0.40141657379712026
50,0.010946904904571082,0.1715978228741593
120,0.002917592556800068,0.7038651623953407
136,0.026181059631295807,0.2064847786674291
150,-0.009026503061971154,0.269857955533241
205,-0.002986011744838186,0.9447838019987698
230,0.016087275918116466,0.015797788145987885
310,0.007321595696967338,0.18797469884949736
350,0.0035838352012098782,0.5059667349166925
410,0.018661199968362678,0.012931114719911721
420,0.013905760912704975,0.033576148423537414
430,0.036816375999604634,0.0014913927882661197
500,0.015537739416586208,0.593378995697744
510,-0.04597229282051815,0.20461889657034812
520,0.018837658910420534,0.08368098187107853
530,0.03518029188739121,2.7381868845726765e-4
540,0.011922710943680874,0.22971537052549157
565,-0.009829546435363401,0.4159493855910854
630,0.0061748896698121565,0.5369675569712238
710,0.008661317191722258,0.5513457779627124
735,0.041217006623802475,0.006602437594014544
740,-0.01703800258811736,0.27639640242562685
800,0.012830327311655482,0.00980053405443733
860,0.008399987110795041,0.5830024284866038
910,0.03418777481514198,0.007467176999265525
1006,0.03376375505644193,0.021401358885525405
1010,0.023032079257483313,0.031924639854005316
1200,0.031772037177569115,0.3331965369147232
1220,-0.020351857427813754,0.06917030484636728
1240,0.03521940696458541,0.05982973872208804
1300,0.054421356190077604,0.003575830335306331
1310,-0.03733391039337604,0.20796902302464962
1320,-0.019051626891945155,0.1868906781430787
1340,0.017830147914940305,0.7772464428725566
1350,0.020834173242146026,0.2194794106760734
1360,0.030968979101667383,0.001239220381040931
1410,0.01971813100007942,0.06667757200939511
1430,0.018696531403587034,0.06263036224713134
1440,-0.012840486817559345,0.7353962732360293
1450,0.04535644909813629,0.0837470013014238
1460,0.0179731579617888,0.013752235713770397
1520,-0.04437168954967223,0.082126840019121
1530,0.01435821946078715,0.26340603322013056
1540,0.024458624889346678,0.07034248612127136
1550,0.03353380202818519,3.8983793640963926e-4
1560,0.05101098135031601,0.01859556987228508
1600,0.031424707799014726,0.16671096937971444
1610,-0.002336488459833102,0.8429435884183001
1640,-0.03362375685760749,0.16533823163753067
1650,0.0163676454701547,0.3244147974352707
1700,0.1104709899679423,1.0206185977257567e-4
1710,0.019651343846184204,0.6057809076301177
1720,0.006674828918956427,0.6152866981387131
1740,0.024153566548392364,0.03895866502924293
1820,0.014018730036817037,0.36091845786893595
1840,0.061606679924771805,0.006929643836695185
1860,-0.041545899237489935,0.075225501963916655
1900,-0.02576784033475003,0.2809940180891057
1920,0.02605050236806078,0.1118789987719182
1965,0.004460859629619462,0.7854764170022491
2000,-0.0017478031626072615,0.8209473552790567
2010,0.0027651470061255947,0.5726330162648183
2016,0.013129367130550245,0.35282549008067965
2040,-0.004684406601984607,0.43163634534958173
2060,0.020707490519496167,0.4487401156355222
2100,0.008066646530452982,0.08847365407594734
2145,0.01861050524608729,0.06253196861337432
2160,-0.009467205029049842,0.6241303093716603
2200,-4.1962474066765514e-6,0.999164358128648
2300,0.004289610934046907,0.5636538416625541
2310,0.009648916695804682,0.07261081922666401
2320,-0.005778501681930391,0.2831972062116397
2330,0.010196318569051151,0.3176231606378101
2340,0.009633606513399482,0.07763208732997802
2400,0.031495974355583364,0.11063194829076768
2430,0.013478736672556547,0.19671926503260043
2540,-0.0015368295584007386,0.8172344864308554
2600,0.03487792258180117,0.008473982606564578
2630,0.031345047074861625,0.0022130323826450656
2710,0.008804246607075452,0.5853388335352155
2720,0.02443282734997575,0.02230600833255455
2740,0.10987598229350516,3.3464238886556193e-6
2750,0.007110557472103173,0.5862475286944302
2800,0.028410648676038396,0.11212581408490993
2825,0.008388812529628007,0.5646588053430788
2830,0.00262752982695768,0.7331979310239767
2840,0.007497365954836418,0.605246667563097
2850,0.022587394384360835,0.12234820341863764
2860,-0.0043768311133772836,0.8016243933572929
2900,-0.0053804893612304965,0.7470469268221395
2910,-0.012106613895709195,0.4258818887721165
3000,0.007656626291686371,0.8242131457471773
3010,-0.00476729944179622,0.8490955671642548
3030,-3.3935133800660095e-4,0.9822536392178894
3040,0.05355715342306838,0.07726532396574962
3050,0.010403541468958305,0.1367206144557193
3060,0.009539870553275525,0.08596955655121488
3120,0.04543022226784518,0.6245471211156335
3150,-0.02676048336900953,0.042278219833150624
3160,0.022481683220368743,0.08909428079918656
3220,-0.03598875563863609,0.013355758316413682
3230,-5.73444477746722e-4,0.949349078877464
3245,0.009023630824949213,0.5330865875129177
3250,0.008870763715311002,0.7275362495359137
3255,-0.003924686595251523,0.09550230607597242
3300,-0.005142371809953649,0.5388908437629236
3310,0.012865796399119092,0.16260176767614198
3320,-0.01640178088241603,0.086125480720168
3400,0.0049302153562703335,0.6558168178439334
3500,-0.008469722538333438,0.2747053196455702
3510,0.015845586321934144,0.48562164080529924
3520,0.009840382974086856,0.45030721297031606
3600,-0.0031197878532903387,0.6199321985923847
3640,-0.0016013983229194889,0.8005732194083279
3645,0.007221852102036529,0.22919002258803922
3710,0.003682314980217157,0.8239019965174987
3720,-0.02443741172694947,0.1960948853710272
3730,-0.02793808949872173,0.10071124440822865
3740,-0.007219587661673188,0.376404675331276
3750,0.03306108725566105,0.17997457470973127
3800,2.766977073465706e-4,0.9785186684955487
3850,0.0017621421389566556,0.6650913156516203
3930,-0.010405021871050866,0.014055678106259174
3940,-0.032722631309178116,0.03144439014709214
3955,-0.02474179245408731,0.03237746523055248
4010,0.0072648515670488654,0.4919964519334361
4020,-0.002442834292089779,0.45986905293145075
4030,0.004411780364378379,0.4672796961295158
4040,0.007713248888416044,0.22470809427521402
4060,0.013433837347461395,0.3440180201512363
4110,-0.0020074490781460193,0.5378650544820534
4130,0.011482970704176417,0.4296938426056499
4140,0.005785216652030795,0.5154284810280405
4200,0.013157119853193379,0.24185771072914844
4210,0.0057398891784413205,0.6826709661884298
4220,0.0015321610230089574,0.6949621152043106
4230,0.009644277615190013,0.019327323897789704
4240,0.03794624168872262,0.03689299163627977
4250,0.01462059463384097,0.07563882897887801
4320,-0.02054790121757819,0.13291365484375436
4350,-0.0017778753130596719,0.8372428198527443
4410,-0.08300183362765022,0.19676278213995368
4420,0.021509452598919187,0.2936401549833937
4430,0.007820876397192075,0.4870149249350739
4465,-0.008997236062887243,0.7243747943449239
4500,0.02023745852615338,0.4536655184297761
4510,-0.005896456822275469,0.3900859069330036
4530,-7.056561139081829e-4,0.961309894581402
4540,0.03019847458534834,0.13416547703674192
4600,0.016551578889812093,0.0010130283355359803
4620,-0.001062583773928779,0.8961188636228369
4650,0.01755031690654934,0.2827886024418422
4700,0.010169928568770034,0.078435464844441
4720,0.00559783048721359,0.18047016290140344
4740,0.005547883861690113,0.6060804163039913
4750,0.05191749517559746,4.008468398838079e-4
4760,0.00538100599596497,0.25166108320008457
4800,0.010415125348905985,0.40643415381333237
4810,7.440110359852533e-4,0.8976868662943499
4820,0.019394393157069503,0.29785469021169003
4840,0.02349975971597142,0.022477256445732414
4850,0.012651267230650408,0.015785778236387746
4900,-0.0010487887605687596,0.9436425963833481
4920,0.04372647281116287,3.3579613502415575e-5
4930,0.04060426646473964,0.05792272682700863
4950,0.00804484120031004,0.5235478645106741
4965,-0.011513333131369695,0.5991747098144058
5000,-7.373283514178656e-4,0.887603472812977
5010,0.0019166290573832657,0.9461061202150908
5020,0.038946834203579334,0.07266730966545609
5100,-0.018112256200573773,0.2911430001229096
5110,-0.01572583410709455,0.12512468187480152
5120,0.007984717895446893,0.23263029673449648
5140,-0.002342785783165161,0.8294284628097108
5160,-0.014012726108004645,0.11597271755843923
5240,0.02264991324870492,0.0054995223048236105
5250,-0.013855701739825291,0.3853331469000423
5260,0.005424877232764516,0.734069312583068
5300,-0.003725921317940519,0.790381852159731
5310,-0.009088643076568507,0.538337967374394
5320,0.007816255459894101,0.45693894344350916
5350,0.007518399537232589,0.6971178054554968
5360,0.008353600757283523,0.8426357938537488
5400,0.01805104963685935,0.023883042690288448
5410,0.05431805240835364,0.0015692574421607248
5510,0.04400450554055667,0.01271091422161054
5520,0.010772937689375477,0.22000955757886295
5530,-0.015410647652421132,0.5036016319746335
5540,0.01682847803462902,0.177899490894749
5550,0.0019841246889723977,0.7632619114493955
5600,0.016202535330872164,0.14333947005936448
5610,0.012555921249324264,0.08115159726747724
5620,0.011107223838323334,0.004526125363387044
5630,-0.0010445224965189076,0.9529628256700837
5700,0.007528932650464219,0.15519330150672864
5800,0.02021314185205108,0.09397312891719145
5810,0.03209055717362711,0.01823079392681662
5820,0.009905478788384546,0.6771934020100434
5850,0.02449998462941006,0.04169397094592955
5860,0.01569307282894087,0.044029435392309184
5900,0.008483878065513255,0.5809340970260628
5910,0.06276582924134189,0.0728908774077667
5940,0.01777348397169361,0.2229872166657512
6005,0.0565467750334388,0.21829864262968052
6010,0.021556342688849196,0.7192776733006109
6050,0.05193569806648013,0.014975111427388693
6100,-0.11862076515332455,0.2255997692148311
6120,-0.16529289801788766,0.10162965760467982
6130,0.022160395129213768,0.27342459052004275
6200,0.027618255244740708,0.01403084082199674
6210,-0.0024883817138297245,0.9009911902150871
6220,0.04949958443742093,0.017635821036656788
6230,0.06519231909905325,4.963959379216672e-4
6240,0.04608555215197703,0.01458541898336602
6250,0.04775572966182291,0.030458094723886393
6260,0.04739032586865284,6.435177844479152e-4
6300,0.04269698616659497,0.09464596177537303
6320,0.015231927365013621,0.04321795396980151
6330,0.0819403516976257,8.845003948371717e-6
6355,0.042247674841015756,3.527142342425892e-5
6360,0.03294108171412637,0.08229003939611576
6400,0.058191276094969116,2.8663231791863417e-4
6420,0.044586789118954945,0.0029838917792140442
6440,0.04317585897503239,1.960047451495042e-5
6460,0.06929369809626981,0.03778439579535751
6515,0.03379483111199631,0.01098728534630397
6520,0.037053260585983454,0.008286655040306562
6530,0.03903454525003923,0.03058996231929324
6600,0.07317098649071985,0.001569768943742915
6660,0.028179829794313205,0.11771714523506041
6700,-0.01814632668682862,0.5285377704526807
6730,-0.0012232709931130124,0.9289328225434614
6800,-0.0022530351269072525,0.9497680898384142
6820,0.11691378989323399,8.87896977836864e-4
6830,-0.06293752816802431,0.19332188441964918
6840,-0.0036232239783789985,0.8516579325197451
6940,-0.02837359350386007,0.48974616636690105
7000,-3.3168703840878944e-4,0.9688497790065171
7010,0.01325141835714514,0.6150472376345246
7020,0.03134772172457413,0.08667797273566567
7040,-0.01178372169227369,0.6838964558441099
7140,0.017239002878612946,0.13553822405321722
7150,-0.02051506672984611,0.08751102835164795
7200,0.016427063285242145,0.00463040106812942
7210,0.023827386865451574,5.037502901708993e-4
7220,0.005802102687564432,0.5237586270582999
7240,0.024079283933893775,0.23283495359169923
7300,-0.012886362747978325,0.5160228658759333
7315,0.02727109699062228,6.219411463078712e-5
7320,0.004962898906842856,0.7877568908199387
7330,0.010756366037166162,0.15300393806893864
7340,0.023729082407626424,0.10425687698220895
7350,0.020143880139926223,0.5000638808083242
7360,0.028472177120067776,0.09261083603339737
7410,-0.0015271853291069684,0.8775034872794111
7420,0.030175718452132648,0.14079546269072946
7430,-0.013074093962194349,0.571076961996448
7540,0.010674513266626337,0.6870410353449354
7610,0.018670246698430617,0.42475278411141915
7630,-0.008450443468634217,0.41547117363522024
7700,0.035675138417488365,1.1997729647459714e-5
7720,0.03496444127224985,0.011526753481365832
7730,-0.07586303541180302,0.04093107666139438
7750,0.044805790593077884,8.056398351848452e-8
7800,0.003355158529259504,0.6061829650310633
7810,-0.009787150301307595,0.28116960977708627
7830,0.046875236786753545,0.3377613245482761
7840,-0.015445727710935143,0.38311093825941267
7900,0.01275889898101683,0.6389670492642596
7930,-0.032677485767326694,0.5152020934499886
7940,0.07357292288151077,0.034935335315499215
7950,0.028981866811553163,0.011648170659995552
8030,0.010598826188335245,0.1000575464145453
8100,0.05781673495488538,0.003702903281850401
8130,0.05248646202252589,9.37678980762422e-4
8140,0.03511102517822529,5.510852580392826e-6
8220,0.06244069840023179,2.2593565441910685e-8
8250,-8.027605057903785e-4,0.965988725616626
8255,0.010457226647998403,0.3018677699878905
8256,0.04310201308359077,0.17974562867854627
8300,0.00523622776183468,0.7075382733893618
8310,-0.02355632036284406,0.06679706727594614
8320,0.05658418065165428,0.0010505248604207025
8330,-0.0013306276503303406,0.9783681573799086
8350,0.030885205072071844,0.10592894213129453
8400,-0.03362161612619587,0.5416182140915593
8410,0.05667862072578534,0.34451404965042043
8420,0.014382048891440919,0.6403103626644753
8450,0.021090340897465112,0.37915855042036073
8460,0.054085246499643184,0.04301824191275608
8500,0.1057380783628149,1.0327601759838852e-6
8510,0.11941697884847069,0.009534721037742125
8530,0.07666849852176177,5.54592874757181e-5
8540,0.08242898415592458,0.016485006591265894
8550,0.02433414123219003,0.42865631629055356
8600,-0.0045293904504687815,0.8098726391248162
8610,-0.012954282506741955,0.3524384638843443
8620,0.027916916469557813,0.1199178676981887
8630,0.019590963413782855,0.11985267996004122
8640,0.012851348511293307,0.48520534231705426
8650,0.011662094620777516,0.3379941712826565
8710,0.01450648679918794,0.2223201561930353
8720,-8.007044108763093e-4,0.9705243121140849
8730,0.0385781274955839,0.29989006831463416
8740,0.024594190418547768,3.691270966304243e-4
8750,0.017947858509137916,0.5561837518938804
8760,-0.0014126854727164295,0.9322502799910684
8800,0.029147193933143422,0.008652843967413736
8810,0.05522824995220423,1.8352071287658055e-5
8830,-0.015074488580013838,0.6669763566574076
8850,0.06298664715607989,0.04642191452267851
8910,-0.034721626541420504,0.4554044900294977
8920,0.014877832477789817,0.4821392316084333
8930,0.019722265833481904,0.3806151155577099
8950,0.031735145414584436,0.2382319997215575
8965,0.03530145430814324,6.048903163261892e-5
9000,-0.009468251142267039,0.2766762106363592
9030,0.0061486548202191035,0.598311476197956
9040,-0.02279420086998651,0.4317590688537992
9050,0.022095841483797334,0.08098986951049061
9120,-0.016768666682752776,0.02823670535053194
9130,0.019432885292091105,7.761724196206108e-5
9140,0.019515380098766858,0.20399127944190396
9150,0.008436125705261836,0.8435841312227735
9200,-0.04385503217171797,0.02578442925122194
9240,0.013558199794328093,0.3213006673942929
9260,0.06779446502617999,0.03086835394381359
9300,-0.049815393910617935,0.12505312179047817
9310,-0.025857501347796335,0.2922318984634936
9350,0.007541145191526773,0.6326651824999492
9360,0.02573027437793091,0.0268553566430383
9420,0.06513483218398347,0.2599557806298735
9510,0.008594801844497828,0.5652996726163815
9520,0.014576515302813052,0.5367331074606239
9560,-0.013224428293672357,0.6102163792077518
9600,0.02259301773466664,4.3992379706879643e-4
9610,0.008838909906047361,0.32677354162425776
9620,0.02668880389139972,5.877292410026489e-6
9630,0.05020382765413859,0.08051439337299726
9640,0.022563668856733977,0.07998206921163276
9720,0.003538789325876054,0.8035660874017116
9750,-0.003926413837540887,0.8312902434240641
20,0.0029153698301208095,0.817474708849711
40,-0.01506976884077088,0.42809410322972863
60,-0.01910425401607008,0.16744175477472026
100,-8.61566112787697e-4,0.9629366743871807
110,-0.017980704631843994,0.1253897510659275
140,0.02605488939650594,0.005381095391824606
160,0.014285610192048796,0.10881516946153194
220,0.041906819692800044,7.594481204175633e-4
300,0.012409955051214087,0.37655863435700665
330,-0.0932601226669253,0.034375542439178654
340,0.010813299414973923,0.40887905988274353
360,-0.06103134379049516,0.19217920069243083
600,-0.0016953942399357842,0.8846652558995973
700,-0.001011657141303049,0.93826534012027
725,-0.04959076048913843,0.058379457112091145
810,0.02914481343911948,0.1899426749457938
820,7.617274641810419e-4,0.966044118102622
830,0.0330771237776722,0.22065375720035393
840,0.06914664373445606,0.0900443580383269
850,0.016845164472623096,0.174817537798397
900,0.029890436921447244,0.4810076066932262
930,-0.02771144177300075,0.13125913143355603
940,-0.013765489071425002,0.31764821616098055
950,-0.12109128058678817,0.018556660823652482
1020,0.019738984347083537,0.015579851514784613
1030,-0.010191015479805719,0.4072838313080346
1050,-0.017910399687264638,0.018669344258903535
1060,-0.010009437798814408,0.5490939592851816
1105,-0.008274404621386186,0.44591071812198235
1400,0.019034658141236824,0.25117040106731875
1420,0.017450004533356347,0.4472585314905412
1760,0.02903125259751422,0.10991485832984703
1800,-0.028710308661767228,0.292866946812139
1910,0.03632042401110758,0.15276526388547754
1930,-0.03715663740381982,0.3430064421439868
2050,-0.0025673896980652963,0.905336639648346
2440,-0.021387814453695742,0.30681730204885416
2550,-0.021537677562368605,0.34872161882772723
2700,0.016769119110300875,0.591316311116695
2760,0.01695687509986521,0.6234888819978937
2810,0.017365961145580405,0.2799285295684943
2920,-0.05489289777574747,0.06702080302446939
3110,0.00680661984690082,0.779554360740959
3140,0.007652858515385343,0.8245639672333253
3200,-0.007129228167293411,0.7966866652278684
3210,0.014111712629814283,0.6122787598304065
3260,-0.009571445186567065,0.8863713648462814
3420,0.0020422674006360044,0.6537608826311654
3535,-0.018917337250121413,0.1286045611462761
3540,0.042644746830324314,0.01891709323760157
3610,0.0021364841261773317,0.9610143166047935
3620,-0.013044643695761683,0.30948039438841063
3630,-0.032711824333562484,0.018684080388091523
3700,0.00799348238950176,0.7358262187636926
3820,-0.005090871932385101,0.7143028172146053
3840,-0.05130686986033964,0.27294305289149384
3900,0.0011049788157275128,0.9838963716176363
3910,0.021117359236979247,0.15202764447990677
4000,0.0027730269324741674,0.7005340789519452
4050,-0.005981552738571575,0.6940245254177244
4120,-0.006387928684060801,0.6643703043171382
4150,0.009222964754145264,0.24449502304664542
4300,0.02017010680809971,0.16345376776622164
4340,0.0316562382891522,0.37080175837735474
4400,-0.017479311390537974,0.14048971756094575
4460,0.03333736554457886,0.4021408458835134
4520,0.0056530540957219905,0.6160521852040941
4610,-0.02123256134613345,0.06901795727147489
4640,-0.02266784456290994,0.314628750240022
4710,0.026382468441019737,0.006202969510817204
4830,0.036050165512791305,0.06790276552136013
4940,0.0034223451351219005,0.7997944907841417
5030,0.04018401223752015,0.511915810059486
5130,0.0886043627346788,0.06260109767048627
5150,0.022632961776758508,0.49182472654097265
5200,0.0753320806731072,0.34023760303604356
5220,0.025457654889578855,0.05753113154612437
5230,0.039146434995042105,0.08386186932616584
5330,0.02822809779634686,0.07985434152711039
5340,-0.07536731834669821,0.0011227735528862284
5420,-0.01044647970671048,0.47199650047158304
5500,-0.0033203938840733606,0.942588893219308
5560,0.03700190275181618,0.07127954575569852
5840,0.008510368375837848,0.3523730322848134
5920,0.08527473152719114,0.21414258019118745
6040,-0.007992438141231918,0.6728992662684421
6710,-0.012521616641905972,0.6218007868053732
6720,-0.021765218962829354,0.568017827319843
6740,-0.05879924159502042,0.24112142772852316
6765,-0.01269496904051465,0.6680045121459237
7030,0.04430606666055806,0.23774566515482964
7100,-0.012684015809598157,0.7203372389409287
7110,-0.03115885889271334,0.4926259588039944
7120,-0.012606408290246021,0.6670127637209644
7130,-0.003408963503971318,0.8564472760379537
7160,-0.05939445765620016,0.03942184837251826
7260,-0.02551911273860965,0.05681623683896856
7510,0.02403203049448535,0.31707236677183953
7560,0.012675632578795507,0.4992708964748829
7710,-0.16734451714975082,0.09696486747316846
7740,0.07168560720826085,0.004888957994560619
7850,-0.1009182933547963,0.11923447148863375
7920,0.13794712589639446,0.0030066673600699146
8040,0.020437241221958665,0.3995564633267211
8940,-0.06707467100600874,0.0770963114708332
9110,-0.02513348687485527,0.5704041526247094
9410,-0.020650740970814607,0.4373783266579203
9650,-0.04018868923418503,0.22582469477201061
