date,unemploy_level,lf_level,full_unrate
1948-01-01,2034,60095,0.03384640985106914
1948-02-01,2328,60524,0.03846408036481396
1948-03-01,2399,60070,0.03993674046945231
1948-04-01,2386,60677,0.03932297246073471
1948-05-01,2118,59972,0.03531648102447809
1948-06-01,2214,60957,0.03632068507308431
1948-07-01,2213,61181,0.03617136038966346
1948-08-01,2350,60806,0.03864750189126073
1948-09-01,2302,60815,0.03785250349420373
1948-10-01,2259,60646,0.037248952940012535
1948-11-01,2285,60702,0.03764291127145728
1948-12-01,2429,61169,0.039709656852327156
1949-01-01,2596,60771,0.042717743660627604
1949-02-01,2849,61057,0.046661316474769475
1949-03-01,3030,61073,0.049612758502120415
1949-04-01,3260,61007,0.053436490894487515
1949-05-01,3707,61259,0.06051355719159634
1949-06-01,3776,60948,0.061954452976307674
1949-07-01,4111,61301,0.06706252752809905
1949-08-01,4193,61590,0.06807923364182497
1949-09-01,4049,61633,0.06569532555611442
1949-10-01,4916,62185,0.07905443434911956
1949-11-01,3996,62005,0.06444641561164423
1949-12-01,4063,61908,0.06562964398785294
1950-01-01,4026,61661,0.06529248633658229
1950-02-01,3936,61687,0.06380598829575113
1950-03-01,3876,61604,0.06291799233815985
1950-04-01,3575,62158,0.05751472055085428
1950-05-01,3434,62083,0.05531304866066395
1950-06-01,3367,62419,0.05394190871369295
1950-07-01,3120,62121,0.05022456174240595
1950-08-01,2799,62596,0.04471531727266918
1950-09-01,2774,62349,0.04449149144332708
1950-10-01,2625,62428,0.04204843980265265
1950-11-01,2589,62286,0.04156632309026105
1950-12-01,2639,62068,0.042517883611522846
1951-01-01,2305,61941,0.03721283156552203
1951-02-01,2117,61778,0.0342678623458189
1951-03-01,2125,62526,0.033985861881457316
1951-04-01,1919,61808,0.031047760807662438
1951-05-01,1856,62044,0.029914254400103153
1951-06-01,1995,61615,0.0323784792664124
1951-07-01,1950,62106,0.03139793256690175
1951-08-01,1933,61927,0.031214171524536954
1951-09-01,2067,61780,0.03345742958886371
1951-10-01,2194,62204,0.03527104366278696
1951-11-01,2178,62014,0.0351211016867159
1951-12-01,1960,62457,0.03138159053428759
1952-01-01,1972,62432,0.0315863659661712
1952-02-01,1957,62419,0.03135263301238405
1952-03-01,1813,61721,0.029374119019458533
1952-04-01,1811,61720,0.029342190537913156
1952-05-01,1863,62058,0.030020303586967032
1952-06-01,1884,62103,0.030336698710207236
1952-07-01,1991,61962,0.032132597398405474
1952-08-01,2087,61877,0.03372820272476041
1952-09-01,1936,62457,0.030997326160398353
1952-10-01,1839,61971,0.02967517064433364
1952-11-01,1743,62491,0.027892016450368852
1952-12-01,1667,62621,0.02662046278405008
1953-01-01,1839,63439,0.028988477119752835
1953-02-01,1636,63520,0.02575566750629723
1953-03-01,1647,63657,0.02587303831471794
1953-04-01,1723,63167,0.027276900913451644
1953-05-01,1596,62615,0.02548910005589715
1953-06-01,1607,63063,0.025482454053882626
1953-07-01,1660,63057,0.026325388140888403
1953-08-01,1665,62816,0.026505985736118187
1953-09-01,1821,62727,0.029030561002439143
1953-10-01,1974,62867,0.03139962142300412
1953-11-01,2211,62949,0.03512367154363056
1953-12-01,2818,62795,0.04487618440958675
1954-01-01,3077,63101,0.04876309408725694
1954-02-01,3331,63994,0.05205175485201738
1954-03-01,3607,63793,0.05654225385230354
1954-04-01,3749,63934,0.05863859605217881
1954-05-01,3767,63675,0.05915979583824107
1954-06-01,3551,63343,0.0560598645469902
1954-07-01,3659,63302,0.05780228112855834
1954-08-01,3854,63707,0.060495706908189055
1954-09-01,3927,64209,0.06115965051628276
1954-10-01,3666,63936,0.05733858858858859
1954-11-01,3402,63759,0.05335717310497341
1954-12-01,3196,63312,0.05048016173869093
1955-01-01,3157,63910,0.04939759036144578
1955-02-01,2969,63696,0.04661203215272545
1955-03-01,2918,63882,0.04567796875489183
1955-04-01,3049,64564,0.047224459451087296
1955-05-01,2747,64381,0.04266786784921017
1955-06-01,2701,64482,0.04188765857138426
1955-07-01,2632,65145,0.04040217975285901
1955-08-01,2784,65581,0.04245131974199844
1955-09-01,2678,65628,0.04080575364173828
1955-10-01,2830,65821,0.04299539660594643
1955-11-01,2780,66037,0.042097611944818814
1955-12-01,2761,66445,0.041553164271201745
1956-01-01,2666,66419,0.04013911681898252
1956-02-01,2606,66124,0.03941080394410502
1956-03-01,2764,66175,0.04176803928976199
1956-04-01,2650,66264,0.03999154895569238
1956-05-01,2861,66722,0.04287941008962561
1956-06-01,2882,66702,0.043207100236874456
1956-07-01,2952,66752,0.04422339405560882
1956-08-01,2701,66673,0.04051115144061314
1956-09-01,2635,66714,0.0394969571604161
1956-10-01,2571,66546,0.03863492922189162
1956-11-01,2861,66657,0.042921223577418725
1956-12-01,2790,66700,0.04182908545727136
1957-01-01,2796,66428,0.042090684651050765
1957-02-01,2622,66879,0.03920513165567667
1957-03-01,2509,66913,0.03749645061497766
1957-04-01,2600,66647,0.03901150839497652
1957-05-01,2710,66695,0.040632731089287055
1957-06-01,2856,67052,0.042593807790968205
1957-07-01,2796,67336,0.04152310799572294
1957-08-01,2747,66706,0.04118070338500285
1957-09-01,2943,67064,0.043883454610521296
1957-10-01,3020,67066,0.04503026869054364
1957-11-01,3454,67123,0.05145777155371482
1957-12-01,3476,67398,0.05157423068933796
1958-01-01,3875,67095,0.05775393099336761
1958-02-01,4303,67201,0.06403178524129105
1958-03-01,4492,67223,0.06682236734451007
1958-04-01,5016,67647,0.07414962969533016
1958-05-01,5021,67895,0.0739524265409824
1958-06-01,4944,67674,0.0730561219966309
1958-07-01,5079,67824,0.07488499646142958
1958-08-01,5025,68037,0.07385687199611976
1958-09-01,4821,68002,0.07089497367724479
1958-10-01,4570,68045,0.0671614372841502
1958-11-01,4188,67658,0.06189955363741169
1958-12-01,4191,67740,0.06186891054030115
1959-01-01,4068,67936,0.05987988695242581
1959-02-01,3965,67649,0.058611361587015326
1959-03-01,3801,68068,0.05584121760592349
1959-04-01,3571,68339,0.05225420330996942
1959-05-01,3479,68178,0.05102819091202441
1959-06-01,3429,68278,0.05022115469111573
1959-07-01,3528,68539,0.051474343074745764
1959-08-01,3588,68432,0.05243161094224924
1959-09-01,3775,68545,0.05507330950470494
1959-10-01,3910,68821,0.056814053849842346
1959-11-01,4003,68533,0.058409817168371445
1959-12-01,3653,68994,0.052946633040554254
1960-01-01,3615,68962,0.05242017342884487
1960-02-01,3329,68949,0.04828206355422124
1960-03-01,3726,68399,0.054474480621061715
1960-04-01,3620,69579,0.052027192112562695
1960-05-01,3569,69626,0.051259586935914744
1960-06-01,3766,69934,0.05385077358652444
1960-07-01,3836,69745,0.05500035844863431
1960-08-01,3946,69841,0.05649976374908721
1960-09-01,3884,70151,0.05536628130746533
1960-10-01,4252,69884,0.06084368381889989
1960-11-01,4330,70439,0.06147162793338917
1960-12-01,4617,70395,0.06558704453441296
1961-01-01,4671,70447,0.06630516558547561
1961-02-01,4832,70420,0.06861687020732746
1961-03-01,4853,70703,0.06863923737323735
1961-04-01,4893,70267,0.06963439452374515
1961-05-01,5003,70452,0.07101288820757395
1961-06-01,4885,70878,0.06892124495612179
1961-07-01,4928,70536,0.06986503345809232
1961-08-01,4682,70534,0.06637933478889614
1961-09-01,4676,70217,0.06659355996411126
1961-10-01,4573,70492,0.06487260965783351
1961-11-01,4295,70376,0.06102932818006138
1961-12-01,4177,70077,0.05960586212309317
1962-01-01,4081,70189,0.05814301386257106
1962-02-01,3871,70409,0.05497876691900183
1962-03-01,3921,70414,0.05568494901582072
1962-04-01,3906,70278,0.0555792708955861
1962-05-01,3863,70551,0.05475471644625873
1962-06-01,3844,70514,0.05451399722041013
1962-07-01,3819,70302,0.054322778868311
1962-08-01,4013,70981,0.0565362561812316
1962-09-01,3961,71153,0.05566877011510407
1962-10-01,3803,70917,0.05362606991271486
1962-11-01,4024,70871,0.05677921858023733
1962-12-01,3907,70854,0.055141558698168065
1963-01-01,4074,71146,0.057262530570938636
1963-02-01,4238,71262,0.05947068563890994
1963-03-01,4072,71423,0.057012446970863724
1963-04-01,4055,71697,0.05655745707630724
1963-05-01,4217,71832,0.058706426105356944
1963-06-01,3977,71626,0.055524530198531256
1963-07-01,4051,71956,0.056298293401523154
1963-08-01,3878,71786,0.05402167553561976
1963-09-01,3957,72131,0.05485852130152084
1963-10-01,3987,72281,0.055159723855508366
1963-11-01,4151,72418,0.05732000331409318
1963-12-01,3975,72188,0.05506455366542916
1964-01-01,4029,72356,0.055683011775111944
1964-02-01,3932,72683,0.05409793211617572
1964-03-01,3950,72713,0.05432316092033061
1964-04-01,3918,73274,0.05347053525124874
1964-05-01,3764,73395,0.05128414742148648
1964-06-01,3814,73032,0.05222368276919707
1964-07-01,3608,73007,0.04941991863793883
1964-08-01,3655,73118,0.049987691129407257
1964-09-01,3712,73290,0.05064811024696411
1964-10-01,3726,73308,0.050826649206089376
1964-11-01,3551,73286,0.04845400212864667
1964-12-01,3651,73465,0.04969713468998843
1965-01-01,3572,73569,0.04855305903301663
1965-02-01,3730,73857,0.05050299903868286
1965-03-01,3510,73949,0.047465144897158855
1965-04-01,3595,74228,0.0484318585978337
1965-05-01,3432,74466,0.04608814761099025
1965-06-01,3387,74412,0.04551685212062571
1965-07-01,3301,74761,0.0441540375329383
1965-08-01,3254,74616,0.043609949608663025
1965-09-01,3216,74502,0.043166626399291294
1965-10-01,3143,74838,0.041997381009647505
1965-11-01,3073,74797,0.04108453547602177
1965-12-01,3031,75093,0.04036328286258373
1966-01-01,2988,75186,0.039741441225760114
1966-02-01,2820,74954,0.037623075486298264
1966-03-01,2887,75075,0.03845487845487845
1966-04-01,2828,75338,0.037537497677135045
1966-05-01,2950,75447,0.03910029557172585
1966-06-01,2872,75647,0.03796581490343305
1966-07-01,2876,75736,0.03797401499947185
1966-08-01,2900,76046,0.038134813139415615
1966-09-01,2798,76056,0.03678868202377196
1966-10-01,2798,76199,0.036719641990052364
1966-11-01,2770,76610,0.03615715963973372
1966-12-01,2912,76641,0.03799532887096985
1967-01-01,2968,76639,0.03872701888072652
1967-02-01,2915,76521,0.03809411795454842
1967-03-01,2889,76328,0.037849806099989516
1967-04-01,2895,76777,0.03770660484259609
1967-05-01,2929,76773,0.03815143344665442
1967-06-01,2992,77270,0.03872136663646952
1967-07-01,2944,77464,0.03800475059382423
1967-08-01,2945,77712,0.03789633518632901
1967-09-01,2958,77812,0.03801470210250347
1967-10-01,3143,78194,0.04019489986443973
1967-11-01,3066,78191,0.03921167397782353
1967-12-01,3018,78491,0.038450268183613405
1968-01-01,2878,77578,0.03709814638170615
1968-02-01,3001,78230,0.03836124249009332
1968-03-01,2877,78256,0.03676395420159476
1968-04-01,2709,78270,0.034610962054426986
1968-05-01,2740,78847,0.03475084657628064
1968-06-01,2938,79120,0.037133468149646104
1968-07-01,2883,78970,0.03650753450677473
1968-08-01,2768,78811,0.035122000735937874
1968-09-01,2686,78858,0.0340612239722032
1968-10-01,2689,78913,0.034075500868044555
1968-11-01,2715,79209,0.03427640798394122
1968-12-01,2685,79463,0.033789310748398624
1969-01-01,2718,79523,0.03417879104158545
1969-02-01,2692,80019,0.03364201002261963
1969-03-01,2712,80079,0.033866556775184506
1969-04-01,2758,80281,0.034354330414419355
1969-05-01,2713,80125,0.03385959438377535
1969-06-01,2816,80696,0.03489640130861505
1969-07-01,2868,80827,0.03548319249755651
1969-08-01,2856,81106,0.035213177816684336
1969-09-01,3040,81290,0.03739697379751507
1969-10-01,3049,81494,0.03741379733477311
1969-11-01,2856,81397,0.03508728822929592
1969-12-01,2884,81624,0.03533274527099873
1970-01-01,3201,81981,0.03904563252460936
1970-02-01,3453,82151,0.042032355053499046
1970-03-01,3635,82498,0.044061674222405395
1970-04-01,3797,82727,0.04589795350973685
1970-05-01,3919,82483,0.04751282082368488
1970-06-01,4071,82484,0.04935502642936812
1970-07-01,4175,82901,0.05036127429102182
1970-08-01,4256,82880,0.051351351351351354
1970-09-01,4456,82954,0.053716517588060855
1970-10-01,4591,83276,0.0551299293914213
1970-11-01,4898,83548,0.058624982046248865
1970-12-01,5076,83670,0.06066690570096809
1971-01-01,4986,83850,0.05946332737030412
1971-02-01,4903,83603,0.05864622082939607
1971-03-01,4987,83575,0.059670954232725094
1971-04-01,4959,83946,0.05907369022943321
1971-05-01,4996,84135,0.059380757116538896
1971-06-01,4949,83706,0.059123599264090984
1971-07-01,5035,84340,0.059698838036518855
1971-08-01,5134,84673,0.060633259716792835
1971-09-01,5042,84731,0.05950596593926662
1971-10-01,4954,84872,0.05837025167310774
1971-11-01,5161,85458,0.06039223946266002
1971-12-01,5154,85625,0.06019270072992701
1972-01-01,5019,85978,0.05837539835771942
1972-02-01,4928,86036,0.05727834859826119
1972-03-01,5038,86611,0.058168131068801886
1972-04-01,4959,86614,0.05725402359895629
1972-05-01,4922,86809,0.05669919017613381
1972-06-01,4923,87006,0.05658230466864354
1972-07-01,4913,87143,0.05637859610066213
1972-08-01,4939,87517,0.05643474982003496
1972-09-01,4849,87392,0.0554856279751007
1972-10-01,4875,87491,0.05572001691602565
1972-11-01,4602,87592,0.05253904466161293
1972-12-01,4543,87943,0.051658460593793705
1973-01-01,4326,87487,0.04944734646290306
1973-02-01,4452,88364,0.05038250871395591
1973-03-01,4394,88846,0.04945636269500034
1973-04-01,4459,89018,0.0500909928329102
1973-05-01,4329,88977,0.04865302269125729
1973-06-01,4363,89548,0.048722472863715546
1973-07-01,4305,89604,0.04804473014597563
1973-08-01,4305,89509,0.04809572221787753
1973-09-01,4350,89838,0.04842049021572163
1973-10-01,4144,90131,0.045977521607438065
1973-11-01,4396,90716,0.04845892676043917
1973-12-01,4489,90890,0.049389371768071295
1974-01-01,4644,91199,0.05092161098257656
1974-02-01,4731,91485,0.051713395638629284
1974-03-01,4634,91453,0.05067083638590314
1974-04-01,4618,91287,0.050587706902406694
1974-05-01,4705,91596,0.051366871915804184
1974-06-01,4927,91868,0.05363129707841686
1974-07-01,5063,92212,0.05490608597579491
1974-08-01,5022,92059,0.0545519721048458
1974-09-01,5437,92488,0.05878600467087622
1974-10-01,5523,92518,0.0596964914935472
1974-11-01,6140,92766,0.06618804303300778
1974-12-01,6636,92780,0.07152403535244665
1975-01-01,7501,93128,0.08054505626664375
1975-02-01,7520,92776,0.08105544537380358
1975-03-01,7978,93165,0.08563301669081737
1975-04-01,8210,93399,0.08790244006895148
1975-05-01,8433,93884,0.08982361211708065
1975-06-01,8220,93575,0.08784397542078547
1975-07-01,8127,94021,0.0864381361610704
1975-08-01,7928,94162,0.0841953229540579
1975-09-01,7923,94202,0.08410649455425574
1975-10-01,7897,94267,0.0837726882153882
1975-11-01,7794,94250,0.08269496021220159
1975-12-01,7744,94409,0.08202607802222246
1976-01-01,7534,94934,0.0793603977500158
1976-02-01,7326,94998,0.07711741299816838
1976-03-01,7230,95215,0.07593341385285932
1976-04-01,7330,95746,0.07655672299626094
1976-05-01,7053,95847,0.0735860277316974
1976-06-01,7322,95885,0.07636230901600877
1976-07-01,7490,96583,0.07754987937835851
1976-08-01,7518,96741,0.0777126554408162
1976-09-01,7380,96553,0.07643470425569376
1976-10-01,7430,96704,0.07683239576439443
1976-11-01,7620,97254,0.07835153309889567
1976-12-01,7545,97348,0.07750544438509266
1977-01-01,7280,97208,0.07489095547691547
1977-02-01,7443,97785,0.07611596870685688
1977-03-01,7307,98115,0.0744738317280742
1977-04-01,7059,98330,0.0717888741991254
1977-05-01,6911,98665,0.07004510211321137
1977-06-01,7134,99093,0.07199297629499561
1977-07-01,6829,98913,0.06904046990789886
1977-08-01,6925,99366,0.06969184630557736
1977-09-01,6751,99453,0.06788131076991141
1977-10-01,6763,99815,0.06775534739267645
1977-11-01,6815,100576,0.06775970410435889
1977-12-01,6386,100491,0.06354797942104268
1978-01-01,6489,100873,0.06432841295490369
1978-02-01,6318,100837,0.06265557285520196
1978-03-01,6337,101092,0.0626854746171804
1978-04-01,6180,101574,0.06084234154409593
1978-05-01,6127,101896,0.060129936405747035
1978-06-01,6028,102371,0.05888386359418195
1978-07-01,6309,102399,0.06161192980400199
1978-08-01,6080,102511,0.059310708119128676
1978-09-01,6125,102795,0.059584610146407896
1978-10-01,5947,103080,0.0576930539386884
1978-11-01,6077,103562,0.058679824646105716
1978-12-01,6228,103809,0.05999479813888969
1979-01-01,6109,104057,0.058708208001383856
1979-02-01,6173,104502,0.059070639796367536
1979-03-01,6109,104589,0.05840958418189293
1979-04-01,6069,104172,0.05825941711784357
1979-05-01,5840,104171,0.05606166783461808
1979-06-01,5959,104638,0.05694871843880808
1979-07-01,5996,105002,0.057103674215729226
1979-08-01,6320,105096,0.060135495166324125
1979-09-01,6190,105530,0.05865630626362172
1979-10-01,6296,105700,0.05956480605487228
1979-11-01,6238,105812,0.05895361584697388
1979-12-01,6325,106258,0.05952492988763199
1980-01-01,6683,106562,0.06271466376381825
1980-02-01,6702,106697,0.06281338744294591
1980-03-01,6729,106442,0.06321752691606697
1980-04-01,7358,106591,0.06903021831111444
1980-05-01,7984,106929,0.07466636740266906
1980-06-01,8098,106780,0.0758381719423113
1980-07-01,8363,107159,0.07804290820183092
1980-08-01,8281,107105,0.07731665188366556
1980-09-01,8021,107098,0.07489402229733515
1980-10-01,8088,107405,0.07530375680834225
1980-11-01,8023,107568,0.074585378551242
1980-12-01,7718,107352,0.07189432893658246
1981-01-01,8071,108026,0.07471349489937608
1981-02-01,8051,108242,0.07437963082722049
1981-03-01,7982,108553,0.0735309019557267
1981-04-01,7869,108925,0.07224236860224925
1981-05-01,8174,109222,0.0748384025196389
1981-06-01,8098,108396,0.07470755378427248
1981-07-01,7863,108556,0.07243266148347396
1981-08-01,8036,108725,0.07391124396412968
1981-09-01,8230,108294,0.075996823462057
1981-10-01,8646,109024,0.07930363956560023
1981-11-01,9029,109236,0.08265590098502325
1981-12-01,9267,108912,0.08508704275011018
1982-01-01,9397,109089,0.08614067412846392
1982-02-01,9705,109467,0.08865685549069582
1982-03-01,9895,109567,0.09031003860651474
1982-04-01,10244,109820,0.09327991258422874
1982-05-01,10335,110451,0.09357090474509058
1982-06-01,10538,110081,0.09572950827118212
1982-07-01,10849,110342,0.0983215819905385
1982-08-01,10881,110514,0.09845811390412075
1982-09-01,11217,110721,0.10130869482753949
1982-10-01,11529,110744,0.10410496279708156
1982-11-01,11938,111050,0.1075011256190905
1982-12-01,12051,111083,0.108486447071109
1983-01-01,11534,110695,0.10419621482451782
1983-02-01,11545,110634,0.10435309217781152
1983-03-01,11408,110587,0.10315859911201136
1983-04-01,11268,110828,0.1016710578554156
1983-05-01,11154,110796,0.10067150438643994
1983-06-01,11246,111879,0.10051931104139293
1983-07-01,10548,111756,0.09438419413722753
1983-08-01,10623,112231,0.09465299248870633
1983-09-01,10282,112298,0.09155995654419491
1983-10-01,9887,111926,0.08833515000982792
1983-11-01,9499,112228,0.08464019674234594
1983-12-01,9331,112327,0.0830699653689674
1984-01-01,9008,112209,0.08027876551791746
1984-02-01,8791,112615,0.07806242507658838
1984-03-01,8746,112713,0.07759530843824582
1984-04-01,8762,113098,0.07747263435250844
1984-05-01,8456,113649,0.07440452621668471
1984-06-01,8226,113817,0.07227391338727958
1984-07-01,8537,113972,0.07490436247499385
1984-08-01,8519,113682,0.07493710525852817
1984-09-01,8367,113857,0.07348691780039875
1984-10-01,8381,114019,0.0735052929774862
1984-11-01,8198,114170,0.0718052027678024
1984-12-01,8358,114581,0.0729440308602648
1985-01-01,8423,114725,0.07341904554369144
1985-02-01,8321,114876,0.07243462516104321
1985-03-01,8339,115328,0.07230681187569367
1985-04-01,8395,115331,0.07279048998101117
1985-05-01,8302,115234,0.07204470902684972
1985-06-01,8460,114965,0.07358761362153698
1985-07-01,8513,115320,0.07382067291016302
1985-08-01,8196,115291,0.07108967742495077
1985-09-01,8248,115905,0.07116172727664898
1985-10-01,8298,116145,0.07144517628826036
1985-11-01,8128,116135,0.0699875145305033
1985-12-01,8138,116354,0.06994172954947832
1986-01-01,7795,116682,0.06680550556212612
1986-02-01,8402,116882,0.07188446467377355
1986-03-01,8383,117220,0.07151509981231871
1986-04-01,8364,117316,0.07129462306931705
1986-05-01,8439,117528,0.07180416581580559
1986-06-01,8508,118084,0.07205040479658548
1986-07-01,8319,118129,0.07042301213080615
1986-08-01,8135,118150,0.06885315277190013
1986-09-01,8310,118395,0.07018877486380337
1986-10-01,8243,118516,0.0695517904755476
1986-11-01,8159,118634,0.06877455029755382
1986-12-01,7883,118611,0.0664609521882456
1987-01-01,7892,118845,0.06640582271025285
1987-02-01,7865,119122,0.06602474773761353
1987-03-01,7862,119270,0.06591766580028506
1987-04-01,7542,119336,0.06319970503452436
1987-05-01,7574,120008,0.06311245916938871
1987-06-01,7398,119644,0.061833439202968805
1987-07-01,7268,119902,0.060616169872062184
1987-08-01,7261,120318,0.06034841004670955
1987-09-01,7102,120011,0.05917790869170326
1987-10-01,7227,120509,0.059970624600652236
1987-11-01,7035,120540,0.05836236933797909
1987-12-01,6936,120729,0.05745098526451805
1988-01-01,6953,120969,0.05747753556696344
1988-02-01,6929,121156,0.05719072930766945
1988-03-01,6876,120913,0.05686733436437769
1988-04-01,6601,121251,0.054440788117211404
1988-05-01,6779,121071,0.05599193861453197
1988-06-01,6546,121473,0.0538885184361957
1988-07-01,6605,121665,0.05428841490979328
1988-08-01,6843,122125,0.05603275332650973
1988-09-01,6604,121960,0.0541489012791079
1988-10-01,6568,122206,0.05374531528730177
1988-11-01,6537,122637,0.053303652241982434
1988-12-01,6518,122622,0.05315522500040776
1989-01-01,6682,123390,0.054153497041899666
1989-02-01,6359,123135,0.05164250619239046
1989-03-01,6205,123227,0.05035422431772258
1989-04-01,6468,123565,0.05234491967790232
1989-05-01,6375,123474,0.051630302735798626
1989-06-01,6577,123995,0.05304246138957216
1989-07-01,6495,123967,0.052392975549944744
1989-08-01,6511,124166,0.052437865438203696
1989-09-01,6590,123944,0.05316917317498225
1989-10-01,6630,124211,0.05337691508803568
1989-11-01,6725,124637,0.053956690228423344
1989-12-01,6667,124497,0.05355149120059118
1990-01-01,6752,125833,0.053658420287206056
1990-02-01,6651,125710,0.05290748548245963
1990-03-01,6598,125801,0.052447913768571
1990-04-01,6797,125649,0.05409513804327929
1990-05-01,6742,125893,0.053553414407473014
1990-06-01,6590,125573,0.052479434273291235
1990-07-01,6922,125732,0.05505360608277925
1990-08-01,7188,125990,0.057052146995793314
1990-09-01,7368,125892,0.05852635592412544
1990-10-01,7459,125995,0.05920076193499742
1990-11-01,7764,126070,0.061584833822479576
1990-12-01,7901,126142,0.06263575969938641
1991-01-01,8015,125955,0.06363383748164027
1991-02-01,8265,126020,0.0655848278051103
1991-03-01,8586,126238,0.06801438552575294
1991-04-01,8439,126548,0.06668615861175206
1991-05-01,8736,126176,0.06923662186152675
1991-06-01,8692,126331,0.06880338159279986
1991-07-01,8586,126154,0.06805967309795964
1991-08-01,8666,126150,0.06869599682917162
1991-09-01,8722,126650,0.06886695617844453
1991-10-01,8842,126642,0.06981885946210578
1991-11-01,8931,126701,0.0704887885652047
1991-12-01,9198,126664,0.07261731825933178
1992-01-01,9283,127261,0.07294457846472996
1992-02-01,9454,127207,0.07431980944444881
1992-03-01,9460,127604,0.07413560703426225
1992-04-01,9415,127841,0.07364616985161256
1992-05-01,9744,128119,0.07605429327422163
1992-06-01,10040,128459,0.07815723304712009
1992-07-01,9850,128563,0.07661613372432192
1992-08-01,9787,128613,0.07609650657398552
1992-09-01,9781,128501,0.0761161391740142
1992-10-01,9398,128026,0.07340696421039476
1992-11-01,9565,128441,0.07446999011219159
1992-12-01,9557,128554,0.07434229973396393
1993-01-01,9325,128400,0.07262461059190031
1993-02-01,9183,128458,0.07148640022419779
1993-03-01,9056,128598,0.07042100188183331
1993-04-01,9110,128584,0.07084862813413799
1993-05-01,9149,129264,0.07077763337046664
1993-06-01,9121,129411,0.07048087102332877
1993-07-01,8930,129397,0.06901241914418418
1993-08-01,8763,129619,0.06760582939229588
1993-09-01,8714,129268,0.06741034130643314
1993-10-01,8750,129573,0.06752950074475392
1993-11-01,8542,129711,0.06585409101772402
1993-12-01,8477,129941,0.06523730000538706
1994-01-01,8630,130596,0.0660816564060155
1994-02-01,8583,130669,0.06568505154244694
1994-03-01,8470,130400,0.06495398773006135
1994-04-01,8331,130621,0.06377994350066223
1994-05-01,7915,130779,0.060521949242615405
1994-06-01,7927,130561,0.060714914867379996
1994-07-01,7946,130652,0.060818051005725134
1994-08-01,7933,131275,0.06043039421062655
1994-09-01,7734,131421,0.05884904239048554
1994-10-01,7632,131744,0.05793053194073355
1994-11-01,7375,131891,0.05591738632658787
1994-12-01,7230,131951,0.054793067123401866
1995-01-01,7375,132038,0.05585513261333858
1995-02-01,7187,132115,0.054399576126859174
1995-03-01,7153,132108,0.05414509340842341
1995-04-01,7645,132590,0.057658948638660536
1995-05-01,7430,131851,0.05635148766410569
1995-06-01,7427,131949,0.05628689872602293
1995-07-01,7527,132343,0.056874938606499774
1995-08-01,7484,132336,0.056553016563897954
1995-09-01,7478,132611,0.056390495509422295
1995-10-01,7328,132716,0.05521564845233431
1995-11-01,7426,132614,0.05599710437811996
1995-12-01,7423,132511,0.05601799095924112
1996-01-01,7491,132616,0.05648639681486397
1996-02-01,7313,132952,0.05500481376737469
1996-03-01,7318,133180,0.05494819041898183
1996-04-01,7415,133409,0.05558095780644484
1996-05-01,7423,133667,0.0555335273478121
1996-06-01,7095,133697,0.053067757690898075
1996-07-01,7337,134284,0.05463793154806232
1996-08-01,6882,134054,0.05133752070061318
1996-09-01,6979,134515,0.05188268966286288
1996-10-01,7031,134921,0.05211197663818086
1996-11-01,7236,135007,0.053597220884843005
1996-12-01,7253,135113,0.05368099294664466
1997-01-01,7158,135456,0.05284372785258682
1997-02-01,7102,135400,0.0524519940915805
1997-03-01,7000,135891,0.051511873486838715
1997-04-01,6873,136016,0.05053081990354076
1997-05-01,6655,136119,0.04889104386602899
1997-06-01,6799,136211,0.049915205086226516
1997-07-01,6655,136477,0.04876279519626017
1997-08-01,6608,136618,0.04836844339691695
1997-09-01,6656,136675,0.048699469544539964
1997-10-01,6454,136633,0.04723602643578052
1997-11-01,6308,136961,0.04605690671066946
1997-12-01,6476,137155,0.047216652692209544
1998-01-01,6368,137095,0.04644954228819432
1998-02-01,6306,137112,0.045991598109574656
1998-03-01,6422,137236,0.046795301524381355
1998-04-01,5941,137150,0.0433175355450237
1998-05-01,6047,137372,0.04401915965407798
1998-06-01,6212,137455,0.04519297224546215
1998-07-01,6259,137588,0.04549088583306684
1998-08-01,6179,137570,0.04491531583920913
1998-09-01,6300,138286,0.045557757112072085
1998-10-01,6280,138279,0.045415428228436715
1998-11-01,6100,138381,0.04408119611796417
1998-12-01,6032,138634,0.04351025001081986
1999-01-01,5976,139003,0.04299187787313943
1999-02-01,6111,138967,0.04397446875877007
1999-03-01,5783,138730,0.04168528796943704
1999-04-01,6004,138959,0.04320698911189631
1999-05-01,5796,139107,0.041665768077810604
1999-06-01,5951,139329,0.04271185467490616
1999-07-01,6025,139439,0.04320885835383214
1999-08-01,5838,139430,0.04187047263860001
1999-09-01,5915,139622,0.04236438383635817
1999-10-01,5778,139771,0.041339047441887086
1999-11-01,5716,140025,0.040821281913943935
1999-12-01,5653,140177,0.04032758583790493
2000-01-01,5708,142267,0.04012174292000253
2000-02-01,5858,142456,0.041121469085191216
2000-03-01,5733,142434,0.04025022115506129
2000-04-01,5481,142751,0.038395527877212766
2000-05-01,5758,142388,0.040438801022558084
2000-06-01,5651,142591,0.03963083224046399
2000-07-01,5747,142278,0.040392752217489704
2000-08-01,5853,142514,0.041069649297612865
2000-09-01,5625,142518,0.0394686986906917
2000-10-01,5534,142622,0.03880186787452146
2000-11-01,5639,142962,0.03944404806871756
2000-12-01,5634,143248,0.03933039204735843
2001-01-01,6023,143800,0.041884561891515994
2001-02-01,6089,143701,0.04237270443490303
2001-03-01,6141,143924,0.0426683527417248
2001-04-01,6271,143569,0.04367934581978004
2001-05-01,6226,143318,0.04344185657070291
2001-06-01,6484,143357,0.04522974113576596
2001-07-01,6583,143654,0.04582538599690924
2001-08-01,7042,143284,0.049147148320817395
2001-09-01,7142,143989,0.049601011188354666
2001-10-01,7694,144086,0.053398664686367864
2001-11-01,8003,144240,0.05548391569606212
2001-12-01,8258,144305,0.057226014344617306
2002-01-01,8182,143883,0.05686564778326835
2002-02-01,8215,144653,0.05679107934159679
2002-03-01,8304,144481,0.057474685252732194
2002-04-01,8599,144725,0.05941613404733115
2002-05-01,8399,144938,0.057948916088258424
2002-06-01,8393,144808,0.05795950499972377
2002-07-01,8390,144803,0.05794078851957487
2002-08-01,8304,145009,0.05726541111241371
2002-09-01,8251,145552,0.05668764427833352
2002-10-01,8307,145314,0.0571658615136876
2002-11-01,8520,145041,0.058742010879682297
2002-12-01,8640,145066,0.05955909723849834
2003-01-01,8520,145937,0.058381356338694096
2003-02-01,8618,146100,0.05898699520876112
2003-03-01,8588,146022,0.05881305556696936
2003-04-01,8842,146474,0.06036566216529896
2003-05-01,8957,146500,0.061139931740614335
2003-06-01,9266,147056,0.06301000979218802
2003-07-01,9011,146485,0.06151483087005495
2003-08-01,8896,146445,0.060746355286967806
2003-09-01,8921,146530,0.06088173070361018
2003-10-01,8732,146716,0.059516344502303774
2003-11-01,8576,147000,0.058340136054421766
2003-12-01,8317,146729,0.05668272802240866
2004-01-01,8370,146842,0.05700004086024434
2004-02-01,8167,146709,0.05566802309333442
2004-03-01,8491,146944,0.05778391768292683
2004-04-01,8170,146850,0.05563500170241743
2004-05-01,8212,147065,0.05583925475130044
2004-06-01,8286,147460,0.0561915095619151
2004-07-01,8136,147692,0.055087614765864094
2004-08-01,7990,147564,0.05414599766880811
2004-09-01,7927,147415,0.05377336091985212
2004-10-01,8061,147793,0.05454250201295054
2004-11-01,7932,148162,0.05353599438452505
2004-12-01,7934,148059,0.05358674582429977
2005-01-01,7784,148029,0.05258429091596917
2005-02-01,7980,148364,0.05378663287589981
2005-03-01,7737,148391,0.05213928068413853
2005-04-01,7672,148926,0.05151551777392799
2005-05-01,7651,149261,0.05125920367678094
2005-06-01,7524,149238,0.050416113858400675
2005-07-01,7406,149432,0.04956100433642058
2005-08-01,7345,149779,0.049038917338211634
2005-09-01,7553,149954,0.05036877975912613
2005-10-01,7453,150001,0.0496863354244305
2005-11-01,7566,150065,0.05041815213407523
2005-12-01,7279,150030,0.048516963274011865
2006-01-01,7064,150214,0.047026242560613524
2006-02-01,7184,150641,0.04768954003226213
2006-03-01,7072,150813,0.04689250926644255
2006-04-01,7120,150881,0.0471895069624406
2006-05-01,6980,151069,0.04620405245285267
2006-06-01,7001,151354,0.04625579766639798
2006-07-01,7175,151377,0.047398217694894204
2006-08-01,7091,151716,0.04673864325450183
2006-09-01,6847,151662,0.045146444066410836
2006-10-01,6727,152041,0.04424464453667103
2006-11-01,6872,152406,0.04509008831673294
2006-12-01,6762,152732,0.044273629625749676
2007-01-01,7116,153144,0.04646607114872277
2007-02-01,6927,152983,0.04527954086401757
2007-03-01,6731,153051,0.04397880445080398
2007-04-01,6850,152435,0.04493718634171942
2007-05-01,6766,152670,0.04431780965481103
2007-06-01,6979,153041,0.0456021588985958
2007-07-01,7149,153054,0.04670900466502019
2007-08-01,7067,152749,0.046265441999620294
2007-09-01,7170,153414,0.04673628221674684
2007-10-01,7237,153183,0.047244145890862566
2007-11-01,7240,153835,0.04706341209737706
2007-12-01,7645,153918,0.049669304434828934
2008-01-01,7685,154063,0.04988219105171261
2008-02-01,7497,153653,0.04879175805223458
2008-03-01,7822,153908,0.050822569327130494
2008-04-01,7637,153769,0.049665407201711656
2008-05-01,8395,154303,0.05440594155654783
2008-06-01,8575,154313,0.05556887624503444
2008-07-01,8937,154469,0.057856268895377067
2008-08-01,9438,154641,0.06103167982617805
2008-09-01,9494,154570,0.061422009445558645
2008-10-01,10074,154876,0.06504558485498076
2008-11-01,10538,154639,0.06814581056525197
2008-12-01,11286,154655,0.07297533219100578
2009-01-01,12058,154210,0.07819207574087284
2009-02-01,12898,154538,0.08346167285716134
2009-03-01,13426,154133,0.08710658976338617
2009-04-01,13853,154509,0.08965820761250154
2009-05-01,14499,154747,0.09369486969052712
2009-06-01,14707,154716,0.09505804183148478
2009-07-01,14601,154502,0.09450363102095766
2009-08-01,14814,154307,0.09600342175014744
2009-09-01,15009,153827,0.09757064754561943
2009-10-01,15352,153784,0.09982833064558082
2009-11-01,15219,153878,0.09890302707339581
2009-12-01,15098,153111,0.09860819928026072
2010-01-01,15046,153484,0.09802976205988898
2010-02-01,15113,153694,0.09833175010084974
2010-03-01,15202,153954,0.09874378060979254
2010-04-01,15325,154622,0.09911267478107902
2010-05-01,14849,154091,0.09636513488782603
2010-06-01,14474,153616,0.09422195604624518
2010-07-01,14512,153691,0.09442322582324274
2010-08-01,14648,154086,0.09506379554274885
2010-09-01,14579,153975,0.09468420198084104
2010-10-01,14516,153635,0.09448367884922056
2010-11-01,15081,154125,0.09784914841849149
2010-12-01,14348,153650,0.09338106085258704
2011-01-01,14013,153263,0.09143106946882157
2011-02-01,13820,153214,0.09020063440677745
2011-03-01,13737,153376,0.0895642082203213
2011-04-01,13957,153543,0.09089961769667129
2011-05-01,13855,153479,0.09027293636262941
2011-06-01,13962,153346,0.09104900029997522
2011-07-01,13763,153288,0.08978524085381764
2011-08-01,13818,153760,0.08986732570239334
2011-09-01,13948,154131,0.09049444952670131
2011-10-01,13594,153961,0.08829508771701924
2011-11-01,13302,154128,0.08630488944254126
2011-12-01,13093,153995,0.08502224098185006
2012-01-01,12797,154381,0.08289232483271905
2012-02-01,12813,154671,0.08284035145567042
2012-03-01,12713,154749,0.0821523887068737
2012-04-01,12646,154545,0.08182729949205733
2012-05-01,12660,154866,0.08174809189880283
2012-06-01,12692,155083,0.08184004694260492
2012-07-01,12656,154948,0.08167901489531972
2012-08-01,12471,154763,0.08058127588635526
2012-09-01,12115,155160,0.07808069089971642
2012-10-01,12124,155554,0.07794077940779408
2012-11-01,12005,155338,0.07728308591587377
2012-12-01,12298,155628,0.07902176986146452
2013-01-01,12471,155763,0.08006394329847268
2013-02-01,11950,155312,0.07694189759967034
2013-03-01,11689,155005,0.07541047062997967
2013-04-01,11760,155394,0.0756785976292521
2013-05-01,11654,155536,0.0749279909474334
2013-06-01,11751,155749,0.07544831748518449
2013-07-01,11335,155599,0.07284751187346962
2013-08-01,11279,155605,0.07248481732592141
2013-09-01,11270,155687,0.07238883143743537
2013-10-01,11136,154673,0.0719970518448598
2013-11-01,10787,155265,0.06947476894341932
2013-12-01,10404,155182,0.06704385817942803
2014-01-01,10202,155352,0.06567021988773881
2014-02-01,10349,155483,0.06656033135455323
2014-03-01,10380,156028,0.06652652088086754
2014-04-01,9702,155369,0.062444889263624015
2014-05-01,9859,155684,0.06332699570925722
2014-06-01,9460,155707,0.06075513624949424
2014-07-01,9608,156007,0.06158698007140705
2014-08-01,9599,156130,0.06148081726766157
2014-09-01,9262,156040,0.05935657523711869
2014-10-01,8990,156417,0.05747457117832461
2014-11-01,9090,156494,0.05808529400488198
2014-12-01,8717,156332,0.055759537394775224
2015-01-01,8885,157030,0.056581544927720814
2015-02-01,8599,156644,0.054895176323382956
2015-03-01,8515,156643,0.054359275550136296
2015-04-01,8550,157060,0.05443779447344964
2015-05-01,8834,157651,0.056035166285021976
2015-06-01,8247,157062,0.052507926805974714
2015-07-01,8167,156997,0.052020102294948314
2015-08-01,7992,157172,0.05084875168605095
2015-09-01,7907,156733,0.05044885250712996
2015-10-01,7922,157167,0.05040498323439399
2015-11-01,8000,157463,0.050805586074188856
2015-12-01,7907,158035,0.050033220489132155
2016-01-01,7627,158280,0.04818675764468031
2016-02-01,7702,158640,0.048550176500252146
2016-03-01,7961,159179,0.0500128785832302
2016-04-01,8067,159141,0.05069089675193696
2016-05-01,7652,158784,0.04819125352680371
2016-06-01,7744,158967,0.04871451307504073
2016-07-01,7641,159194,0.04799804012714047
2016-08-01,7784,159562,0.04878354495431243
2016-09-01,7953,159714,0.0497952590255081
2016-10-01,7811,159605,0.048939569562357066
2016-11-01,7553,159506,0.047352450691510034
2016-12-01,7521,159678,0.04710104084469996
2017-01-01,7468,159620,0.04678611702794136
2017-02-01,7379,159859,0.046159427995921404
2017-03-01,7073,160137,0.044168430781143644
2017-04-01,7089,160345,0.04421092020331161
2017-05-01,7000,160068,0.04373141414898668
2017-06-01,6873,160192,0.042904764282860566
2017-07-01,6892,160462,0.042950979047998904
2017-08-01,7082,160586,0.0441009801601634
2017-09-01,6854,161140,0.042534442100037234
2017-10-01,6700,160309,0.04179428478750413
2017-11-01,6774,160579,0.04218484359723251
2017-12-01,6632,160535,0.0413118634565671
2018-01-01,6489,160914,0.040325888362727914
2018-02-01,6581,161778,0.040679202363733014
2018-03-01,6472,161686,0.040028202812859494
2018-04-01,6459,161771,0.039926810120478946
2018-05-01,6196,161848,0.038282833275666055
2018-06-01,6447,162210,0.03974477529128907
2018-07-01,6195,162341,0.038160415421858926
2018-08-01,6156,161660,0.038079920821477174
2018-09-01,6073,162087,0.037467532868151056
2018-10-01,6211,162602,0.038197562145607065
2018-11-01,6115,162836,0.03755312093148935
2018-12-01,6389,163206,0.03914684509147948
2019-01-01,6475,162963,0.039732945515239655
2019-02-01,6136,162999,0.037644402726397096
2019-03-01,6202,162904,0.038071502234444825
2019-04-01,5961,162586,0.036663673379011726
2019-05-01,5930,162751,0.03643602804283844
2019-06-01,5935,163168,0.03637355363796823
2019-07-01,6061,163590,0.03704994192799071
2019-08-01,5945,163774,0.036300023202706165
2019-09-01,5753,164092,0.03505960071179582
2019-10-01,5871,164416,0.03570820358115998
2019-11-01,5868,164496,0.03567259994163992
2019-12-01,5853,164699,0.03553755639074919
2020-01-01,5869,164377,0.03570450853829915
2020-02-01,5753,164467,0.03497966157344635
2020-03-01,7206,162559,0.0443285207217072
2020-04-01,23084,156269,0.14771963729210527
2020-05-01,20929,158101,0.13237740431749326
2020-06-01,17652,159994,0.11032913734265035
2020-07-01,16352,160132,0.1021157545025354
2020-08-01,13461,160706,0.08376165171182158
2020-09-01,12554,160174,0.07837726472461198
2020-10-01,11072,161003,0.06876890492723738
2020-11-01,10694,160629,0.06657577398850768
2020-12-01,10770,160745,0.06700052878783166
2021-01-01,10260,160081,0.06409255314497037
2021-02-01,10013,160248,0.06248439918126903
2021-03-01,9772,160439,0.0609078839932934
2021-04-01,9754,160799,0.0606595812163011
2021-05-01,9260,160806,0.05758491598572193
2021-06-01,9481,161202,0.05881440676914679
2021-07-01,8731,161543,0.05404752914084795
2021-08-01,8269,161527,0.05119267986157113
2021-09-01,7610,161454,0.047134168246063896
2021-10-01,7267,161736,0.04493124598110501
2021-11-01,6729,162243,0.04147482479983728
2021-12-01,6413,162466,0.03947287432447404
2022-01-01,6533,163614,0.03992934589949515
2022-02-01,6323,163978,0.0385600507385137
2022-03-01,6033,164271,0.036725898058695694
2022-04-01,5995,163847,0.03658901292059055
2022-05-01,5979,164372,0.036374808361521425
2022-06-01,5975,164059,0.036419824575305224
2022-07-01,5770,164076,0.03516663009824715
2022-08-01,5909,164653,0.03588759390961598
2022-09-01,5747,164561,0.03492321996098711
2022-10-01,5949,164620,0.03613777183817276
2022-11-01,5918,164402,0.03599712898869843
2022-12-01,5781,164983,0.03503997381548402
2023-01-01,5770,165943,0.034770975575950776
2023-02-01,5987,166443,0.03597027210516513
2023-03-01,5859,166707,0.03514549479026076
2023-04-01,5747,166674,0.03448048285875421
2023-05-01,6084,166896,0.03645383951682485
2023-06-01,5985,166958,0.03584733885168725
2023-07-01,5923,167169,0.035431210332059176
2023-08-01,6275,167760,0.03740462565569862
2023-09-01,6274,167725,0.037406468922343124
2023-10-01,6463,167661,0.03854802249777826
2023-11-01,6226,168090,0.0370396811232078
2023-12-01,6329,167388,0.037810356775874014
2024-01-01,6175,167308,0.03690797810027016
2024-02-01,6486,167569,0.03870644331588778
2024-03-01,6521,167983,0.03881940434448724
2024-04-01,6486,167923,0.03862484591151897
2024-05-01,6627,167807,0.03949179712407706
2024-06-01,6881,168034,0.040950045824059415
2024-07-01,7098,168395,0.04215089521660382
2024-08-01,7063,168492,0.04191890416162192
2024-09-01,6849,168662,0.0406078429047444
2024-10-01,6951,168395,0.041277947682532144
2024-11-01,7089,168248,0.04213423042175836
2024-12-01,6920,168506,0.04106678693933747
2025-01-01,6865,170696,0.04021769695833528
2025-02-01,7104,170441,0.0416801121795812
2025-03-01,7132,170641,0.04179534812852714
2025-04-01,7155,171054,0.041828896138061664
2025-05-01,7248,170492,0.04251225863970157
2025-06-01,7054,170380,0.041401572954572134
2025-07-01,7272,170412,0.042673051193577914
2025-08-01,7380,170750,0.04322108345534407
2025-09-01,7605,171261,0.04440590677387146
2025-10-01,NA,NA,NA
2025-11-01,7781,171541,0.04535941844806781
2025-12-01,7503,171495,0.04375054666316802
2026-01-01,7368,170465,0.0432229489924618
2026-02-01,7571,170483,0.04440911997090619
2026-03-01,7239,170087,0.042560571942594085
2026-04-01,7373,169995,0.04337186387834936
2026-05-01,7307,170078,0.04296264067075107
2026-06-01,7094,169358,0.04188759905053201
